weekday,month_day,year_day,hour,buyVolume,sellVolume,buyOrders,sellOrders,buyOutliers,sellOutliers
Friday,5,339,1,30955816369.0,27495980471.0,1829.0,3686.0,144.0,49.0
Friday,5,339,3,30941678508.0,27411197614.0,1825.0,3689.0,144.0,50.0
Friday,5,339,4,30950376038.0,27133183188.0,1828.0,3690.0,144.0,50.0
Friday,5,339,5,30772881773.0,27150501971.0,1828.0,3676.0,144.0,50.0
Friday,5,339,6,31048413965.0,29217363627.0,1765.0,3674.0,144.0,51.0
Friday,5,339,7,31030076302.0,29229046175.0,1731.0,3693.0,144.0,51.0
Friday,5,339,8,31055625570.0,29237598989.0,1742.0,3690.0,144.0,51.0
Friday,5,339,9,30870504030.0,29020735907.0,1765.0,3706.0,144.0,51.0
Friday,5,339,10,30824120660.0,28530821375.0,1787.0,3710.0,144.0,51.0
Friday,5,339,11,30831472155.0,28403666043.0,1779.0,3707.0,144.0,38.0
Friday,5,339,12,30702282603.0,28156291988.0,1786.0,3709.0,144.0,38.0
Friday,5,339,13,30623451859.0,29043382160.0,1797.0,3727.0,144.0,38.0
Friday,5,339,14,30205906961.0,28913197738.0,1792.0,3717.0,144.0,38.0
Friday,5,339,15,30142443500.0,27869977477.0,1827.0,3724.0,144.0,38.0
Friday,5,339,16,30206321050.0,27485718453.0,1865.0,3722.0,146.0,37.0
Friday,5,339,17,29971879583.0,27397505327.0,1843.0,3714.0,146.0,37.0
Friday,5,339,18,29814134790.0,28027751327.0,1827.0,3706.0,146.0,37.0
Friday,5,339,19,29754900433.0,28067776342.0,1744.0,3709.0,146.0,37.0
Friday,5,339,20,29449612863.0,28090026643.0,1739.0,3688.0,146.0,38.0
Friday,5,339,21,29517079087.0,27644980729.0,1782.0,3667.0,146.0,38.0
Friday,5,339,22,29514352028.0,27285273631.0,1844.0,3588.0,146.0,38.0
Friday,5,339,23,29517767671.0,27611959874.0,1853.0,3589.0,146.0,39.0
Friday,7,311,1,17076232074.0,26238204149.0,1557.0,3466.0,119.0,26.0
Friday,7,311,3,17169153450.0,26087369501.0,1541.0,3463.0,119.0,26.0
Friday,7,311,4,17348064040.0,25957318539.0,1528.0,3453.0,119.0,26.0
Friday,7,311,5,17292544650.0,25891425502.0,1538.0,3447.0,119.0,26.0
Friday,7,311,6,17201806975.0,26616732524.0,1536.0,3492.0,119.0,27.0
Friday,7,311,8,17193521530.0,26620981630.0,1524.0,3500.0,119.0,28.0
Friday,7,311,9,17173275177.0,26417786249.0,1531.0,3521.0,119.0,29.0
Friday,7,311,10,17146276805.0,26120846498.0,1537.0,3527.0,119.0,29.0
Friday,7,311,11,17127264902.0,26083382503.0,1541.0,3552.0,119.0,29.0
Friday,7,311,12,17115337413.0,25764727303.0,1556.0,3557.0,120.0,29.0
Friday,7,311,13,17115228656.0,25642183474.0,1590.0,3532.0,120.0,29.0
Friday,7,311,14,17161128165.0,25610074694.0,1598.0,3525.0,120.0,29.0
Friday,7,311,15,17226622307.0,25640299876.0,1632.0,3502.0,120.0,29.0
Friday,7,311,16,17190337016.0,25510035977.0,1611.0,3495.0,120.0,29.0
Friday,7,311,17,17176821703.0,25383921015.0,1592.0,3530.0,120.0,32.0
Friday,7,311,18,17035113449.0,25323928597.0,1580.0,3547.0,120.0,32.0
Friday,7,311,19,16974641152.0,25709975814.0,1558.0,3568.0,117.0,31.0
Friday,7,311,20,16911882925.0,25471161545.0,1579.0,3601.0,117.0,31.0
Friday,7,311,21,16897908629.0,25927474022.0,1576.0,3624.0,117.0,31.0
Friday,7,311,22,16908890251.0,26083818707.0,1565.0,3558.0,117.0,31.0
Friday,7,311,23,16645564268.0,25949194634.0,1579.0,3553.0,117.0,31.0
Friday,12,346,1,25606555694.0,18088531456.0,1814.0,3416.0,178.0,34.0
Friday,12,346,3,25501676053.0,18210700873.0,1794.0,3434.0,174.0,34.0
Friday,12,346,4,25664527276.0,18354723035.0,1808.0,3454.0,170.0,38.0
Friday,12,346,5,26641698642.0,18810278966.0,1819.0,3450.0,168.0,38.0
Friday,12,346,6,25018727952.0,19103215674.0,1795.0,3451.0,168.0,38.0
Friday,12,346,7,25120420723.0,19094909803.0,1791.0,3455.0,168.0,37.0
Friday,12,346,8,25118570228.0,19082741750.0,1751.0,3479.0,168.0,37.0
Friday,12,346,9,25167814917.0,19104416499.0,1781.0,3488.0,169.0,37.0
Friday,12,346,10,27362962655.0,19422719615.0,1803.0,3485.0,169.0,35.0
Friday,12,346,11,27355190160.0,19770017599.0,1800.0,3488.0,169.0,35.0
Friday,12,346,12,27599556184.0,19675733359.0,1814.0,3501.0,169.0,35.0
Friday,12,346,13,27619693720.0,19369249404.0,1826.0,3501.0,169.0,35.0
Friday,12,346,14,27637562671.0,19439372183.0,1850.0,3502.0,169.0,36.0
Friday,12,346,15,27367184413.0,19456115132.0,1857.0,3519.0,169.0,36.0
Friday,12,346,16,27470789741.0,20315154395.0,1869.0,3528.0,169.0,38.0
Friday,12,346,17,27352472238.0,20646838758.0,1779.0,3552.0,169.0,37.0
Friday,12,346,18,26697495359.0,20458636215.0,1796.0,3579.0,169.0,37.0
Friday,12,346,19,26889466166.0,20361647530.0,1814.0,3570.0,169.0,37.0
Friday,12,346,20,26453670822.0,20203273802.0,1814.0,3584.0,169.0,37.0
Friday,12,346,21,26324825315.0,19734732338.0,1820.0,3563.0,169.0,36.0
Friday,12,346,22,26231748655.0,19480151410.0,1857.0,3532.0,169.0,36.0
Friday,12,346,23,26254897166.0,20375406341.0,1854.0,3542.0,169.0,36.0
Friday,14,318,1,14900470671.0,28615856257.0,1618.0,3961.0,120.0,35.0
Friday,14,318,3,14934789895.0,29114830295.0,1600.0,4021.0,120.0,35.0
Friday,14,318,4,14873140515.0,28927650822.0,1585.0,4008.0,121.0,36.0
Friday,14,318,5,14802832960.0,29108290327.0,1579.0,4010.0,121.0,36.0
Friday,14,318,6,14717702352.0,29090766081.0,1509.0,4017.0,121.0,36.0
Friday,14,318,7,14691192467.0,29419409993.0,1484.0,4055.0,121.0,36.0
Friday,14,318,8,14594801047.0,29346440733.0,1500.0,4008.0,121.0,35.0
Friday,14,318,9,15585380377.0,29171670457.0,1491.0,4013.0,120.0,35.0
Friday,14,318,10,15560671377.0,29067499224.0,1504.0,4040.0,120.0,35.0
Friday,14,318,11,15586044221.0,28920741939.0,1523.0,4073.0,120.0,35.0
Friday,14,318,12,15214799071.0,28603078433.0,1562.0,4066.0,120.0,36.0
Friday,14,318,13,14152799918.0,28961907524.0,1548.0,4095.0,121.0,36.0
Friday,14,318,14,15172072892.0,29334988838.0,1536.0,4056.0,120.0,35.0
Friday,14,318,15,15181117706.0,28943483320.0,1526.0,4032.0,120.0,35.0
Friday,14,318,16,14188892279.0,29329377964.0,1427.0,4054.0,123.0,35.0
Friday,14,318,17,13980186202.0,29354483830.0,1427.0,4086.0,120.0,35.0
Friday,14,318,18,15445757096.0,29822309551.0,1451.0,4103.0,119.0,35.0
Friday,14,318,19,14115799398.0,29638789915.0,1455.0,4086.0,124.0,35.0
Friday,14,318,20,15289281544.0,30345320376.0,1466.0,4109.0,123.0,35.0
Friday,14,318,21,14946479539.0,30282144698.0,1398.0,4128.0,123.0,35.0
Friday,14,318,22,15607276031.0,30656906976.0,1393.0,4166.0,119.0,35.0
Friday,14,318,23,15952326971.0,30496469983.0,1399.0,4191.0,121.0,35.0
Friday,19,353,1,28392880825.0,25222438203.0,1910.0,3668.0,160.0,37.0
Friday,19,353,3,28407038307.0,25135339810.0,1911.0,3677.0,160.0,38.0
Friday,19,353,4,28922100359.0,24888639635.0,1870.0,3664.0,160.0,37.0
Friday,19,353,5,28518665882.0,24848841263.0,1886.0,3664.0,160.0,37.0
Friday,19,353,6,28588360847.0,24611190082.0,1824.0,3644.0,160.0,37.0
Friday,19,353,7,28686562994.0,24197949104.0,1819.0,3638.0,160.0,37.0
Friday,19,353,8,28678555108.0,23696763234.0,1813.0,3648.0,160.0,37.0
Friday,19,353,9,28571072858.0,22910258530.0,1806.0,3607.0,160.0,37.0
Friday,19,353,10,28533965273.0,22894614879.0,1805.0,3557.0,160.0,37.0
Friday,19,353,11,28514484392.0,22964922891.0,1794.0,3577.0,160.0,37.0
Friday,19,353,12,28583601169.0,22908474094.0,1803.0,3597.0,160.0,37.0
Friday,19,353,13,32530918087.0,22700587572.0,1837.0,3584.0,158.0,37.0
Friday,19,353,14,32574710011.0,22955874458.0,1856.0,3613.0,158.0,37.0
Friday,19,353,15,32686714772.0,22407449653.0,1880.0,3591.0,158.0,37.0
Friday,19,353,16,32779296685.0,22224153014.0,1889.0,3589.0,158.0,48.0
Friday,21,325,1,20674641010.0,22214789807.0,1559.0,3693.0,106.0,33.0
Friday,21,325,3,20441150265.0,22295171624.0,1552.0,3699.0,107.0,32.0
Friday,21,325,4,20443917072.0,22280719529.0,1554.0,3668.0,107.0,33.0
Friday,21,325,5,20361713035.0,22302768341.0,1541.0,3662.0,107.0,33.0
Friday,21,325,6,20369447130.0,21706154514.0,1535.0,3675.0,107.0,33.0
Friday,21,325,7,20380766816.0,21789210552.0,1543.0,3724.0,107.0,33.0
Friday,21,325,8,20509403644.0,21782506230.0,1548.0,3735.0,107.0,32.0
Friday,21,325,9,20461584367.0,21827328799.0,1557.0,3735.0,107.0,33.0
Friday,21,325,10,20553258216.0,21754604612.0,1528.0,3709.0,107.0,33.0
Friday,21,325,11,21093705418.0,21391271658.0,1522.0,3705.0,107.0,32.0
Friday,21,325,12,16821920496.0,21619692357.0,1516.0,3724.0,109.0,32.0
Friday,21,325,13,16848468336.0,21524226000.0,1546.0,3723.0,109.0,33.0
Friday,21,325,14,16713746070.0,21388351675.0,1538.0,3727.0,109.0,33.0
Friday,21,325,15,16732662363.0,22273529683.0,1569.0,3753.0,109.0,33.0
Friday,21,325,16,16843158965.0,22848343633.0,1604.0,3742.0,108.0,33.0
Friday,21,325,17,16847908526.0,23935259371.0,1611.0,3813.0,110.0,146.0
Friday,21,325,18,16767627525.0,24346792375.0,1620.0,3864.0,108.0,33.0
Friday,21,325,19,16749649772.0,23995761250.0,1629.0,3864.0,108.0,33.0
Friday,21,325,20,16468790266.0,23942266332.0,1621.0,3852.0,111.0,33.0
Friday,21,325,21,16604239060.0,23766318222.0,1651.0,3820.0,108.0,32.0
Friday,21,325,22,16687416163.0,23265950646.0,1639.0,3772.0,108.0,33.0
Friday,21,325,23,16768997664.0,23474834631.0,1619.0,3760.0,115.0,33.0
Monday,1,335,1,29959953740.0,23306577753.0,1794.0,3595.0,119.0,38.0
Monday,1,335,3,30318335913.0,22986621245.0,1833.0,3558.0,120.0,39.0
Monday,1,335,4,30352582444.0,22811221985.0,1845.0,3577.0,120.0,39.0
Monday,1,335,5,29539018048.0,22816132675.0,1848.0,3552.0,120.0,38.0
Monday,1,335,6,29537873695.0,22274200190.0,1850.0,3531.0,120.0,38.0
Monday,1,335,7,29539875377.0,22326401788.0,1842.0,3542.0,120.0,39.0
Monday,1,335,8,29519110717.0,22801638313.0,1836.0,3550.0,120.0,37.0
Monday,1,335,9,29444608420.0,22922773495.0,1823.0,3567.0,120.0,38.0
Monday,1,335,10,29332507765.0,23086359669.0,1857.0,3552.0,120.0,38.0
Monday,1,335,11,30276321142.0,23053168958.0,1851.0,3499.0,124.0,37.0
Monday,1,335,12,30473965343.0,23011932733.0,1840.0,3512.0,122.0,37.0
Monday,1,335,13,30444281236.0,23175555548.0,1841.0,3518.0,122.0,37.0
Monday,1,335,14,30581486222.0,23611403842.0,1861.0,3528.0,125.0,37.0
Monday,1,335,15,30646686578.0,23227338084.0,1848.0,3523.0,122.0,37.0
Monday,1,335,16,30685495909.0,23174500135.0,1817.0,3553.0,122.0,37.0
Monday,1,335,17,30688152843.0,23592094160.0,1807.0,3577.0,122.0,38.0
Monday,1,335,18,30346854570.0,23719681200.0,1800.0,3567.0,122.0,39.0
Monday,1,335,19,30384671061.0,26120580801.0,1777.0,3556.0,122.0,39.0
Monday,1,335,20,30367880731.0,25793488109.0,1750.0,3570.0,122.0,37.0
Monday,1,335,21,30314078344.0,25655743180.0,1767.0,3480.0,124.0,39.0
Monday,1,335,22,30369456416.0,26058219940.0,1760.0,3517.0,124.0,41.0
Monday,1,335,23,30410963041.0,25873861522.0,1749.0,3536.0,124.0,38.0
Monday,8,342,1,30885500556.0,25135248597.0,1942.0,3563.0,170.0,39.0
Monday,8,342,3,31240971686.0,25398932054.0,1985.0,3583.0,170.0,38.0
Monday,8,342,4,32239062996.0,25074786030.0,1971.0,3568.0,170.0,38.0
Monday,8,342,5,32217541384.0,25200420209.0,1970.0,3589.0,170.0,38.0
Monday,8,342,6,32233629835.0,25541383396.0,1974.0,3588.0,170.0,38.0
Monday,8,342,7,31791605558.0,25371658393.0,1971.0,3562.0,170.0,37.0
Monday,8,342,8,31728415439.0,25356321036.0,1978.0,3567.0,172.0,38.0
Monday,8,342,9,31723292214.0,25432206546.0,1996.0,3585.0,170.0,38.0
Monday,8,342,10,31704695007.0,25307300581.0,2004.0,3566.0,170.0,38.0
Monday,8,342,11,31710508747.0,25012883846.0,1990.0,3569.0,170.0,38.0
Monday,8,342,12,32409777881.0,24674549610.0,2021.0,3546.0,170.0,38.0
Monday,8,342,13,32313678906.0,24344741237.0,2047.0,3558.0,171.0,38.0
Monday,8,342,14,32354936518.0,24130260777.0,2058.0,3534.0,171.0,37.0
Monday,8,342,15,32285288266.0,23686259616.0,2080.0,3513.0,173.0,37.0
Monday,8,342,16,32291084942.0,23094457952.0,2058.0,3460.0,170.0,37.0
Monday,8,342,17,32305497820.0,23889721651.0,2049.0,3465.0,170.0,37.0
Monday,8,342,18,32171587297.0,24075696958.0,2049.0,3499.0,170.0,37.0
Monday,8,342,19,32023067246.0,23869776396.0,2041.0,3504.0,170.0,37.0
Monday,8,342,20,32071810844.0,23541314189.0,2055.0,3499.0,170.0,37.0
Monday,8,342,21,32061782642.0,23530036366.0,2020.0,3497.0,169.0,37.0
Monday,8,342,22,32025167917.0,23984004973.0,2034.0,3531.0,169.0,37.0
Monday,8,342,23,31911271831.0,23863258408.0,2023.0,3539.0,169.0,37.0
Monday,10,314,1,18007167704.0,21029528739.0,1672.0,3497.0,102.0,33.0
Monday,10,314,3,18004547923.0,20958083094.0,1721.0,3498.0,102.0,33.0
Monday,10,314,4,18515267370.0,21262244929.0,1710.0,3494.0,102.0,33.0
Monday,10,314,5,18048796304.0,20832225701.0,1697.0,3504.0,102.0,33.0
Monday,10,314,6,17371990806.0,21079971493.0,1639.0,3527.0,102.0,33.0
Monday,10,314,7,17208212376.0,21635997733.0,1639.0,3504.0,102.0,33.0
Monday,10,314,8,17645457963.0,21610130427.0,1667.0,3512.0,102.0,33.0
Monday,10,314,9,17606589854.0,21356904245.0,1669.0,3504.0,102.0,33.0
Monday,10,314,10,17971352728.0,21204274328.0,1683.0,3508.0,102.0,34.0
Monday,10,314,11,17803327917.0,21084091421.0,1600.0,3420.0,102.0,32.0
Monday,10,314,12,17626399186.0,20323624279.0,1584.0,3413.0,102.0,32.0
Monday,10,314,13,17541137227.0,21079585230.0,1585.0,3387.0,102.0,32.0
Monday,10,314,14,17281793802.0,20993413737.0,1577.0,3367.0,102.0,32.0
Monday,10,314,15,17140062722.0,22067546671.0,1605.0,3396.0,107.0,31.0
Monday,10,314,16,17162880755.0,22069513648.0,1575.0,3447.0,105.0,31.0
Monday,10,314,17,17277546477.0,21961262101.0,1595.0,3458.0,103.0,31.0
Monday,10,314,18,17366599252.0,21964440754.0,1604.0,3466.0,104.0,31.0
Monday,10,314,19,17188397006.0,22239133020.0,1576.0,3481.0,103.0,32.0
Monday,10,314,20,17203249163.0,21982917080.0,1565.0,3494.0,102.0,32.0
Monday,10,314,21,17213853449.0,21721670446.0,1530.0,3483.0,102.0,33.0
Monday,10,314,22,17069267912.0,21687887599.0,1510.0,3489.0,102.0,33.0
Monday,10,314,23,17309794824.0,21474741074.0,1506.0,3493.0,99.0,34.0
Monday,15,349,1,26740076778.0,19001761596.0,1978.0,3454.0,167.0,34.0
Monday,15,349,3,26749565158.0,18920266772.0,1986.0,3429.0,169.0,35.0
Monday,15,349,4,26891565443.0,19091774512.0,1996.0,3406.0,169.0,36.0
Monday,15,349,5,27513426969.0,19021209342.0,2003.0,3386.0,169.0,36.0
Monday,15,349,6,27512491116.0,18909879183.0,1990.0,3387.0,169.0,38.0
Monday,15,349,7,27541914422.0,18864243369.0,1997.0,3386.0,168.0,37.0
Monday,15,349,8,27641968202.0,20990614766.0,1991.0,3379.0,169.0,37.0
Monday,15,349,9,27676408690.0,21656288546.0,1999.0,3385.0,167.0,37.0
Monday,15,349,10,27526461446.0,21520531261.0,2019.0,3413.0,167.0,37.0
Monday,15,349,11,27500262904.0,21460219631.0,2006.0,3424.0,167.0,37.0
Monday,15,349,12,26526953333.0,21163050837.0,2050.0,3411.0,171.0,35.0
Monday,15,349,13,27595231150.0,21063701037.0,2011.0,3409.0,167.0,35.0
Monday,15,349,14,27898124718.0,21054612677.0,1995.0,3408.0,166.0,35.0
Monday,15,349,15,27805358613.0,20963171327.0,2008.0,3392.0,166.0,36.0
Monday,15,349,16,27945083843.0,20797735684.0,2018.0,3418.0,166.0,38.0
Monday,15,349,17,27984621330.0,20597369105.0,2012.0,3399.0,166.0,38.0
Monday,15,349,18,27771404187.0,20402296793.0,1940.0,3377.0,166.0,38.0
Monday,15,349,19,27748393211.0,20298671028.0,1921.0,3396.0,166.0,37.0
Monday,15,349,20,31168255307.0,20496853699.0,1868.0,3438.0,164.0,38.0
Monday,15,349,21,26993612597.0,19117188368.0,1874.0,3445.0,166.0,122.0
Monday,15,349,22,27012412051.0,20460897950.0,1869.0,3433.0,166.0,39.0
Monday,15,349,23,27016272321.0,20927767617.0,1878.0,3460.0,166.0,39.0
Monday,17,321,1,15913006504.0,34138292337.0,1562.0,4191.0,111.0,35.0
Monday,17,321,3,15914686342.0,31393343615.0,1578.0,4198.0,111.0,35.0
Monday,17,321,4,16644215295.0,31398856333.0,1605.0,4187.0,111.0,35.0
Monday,17,321,5,16528611989.0,31159852366.0,1605.0,4189.0,111.0,35.0
Monday,17,321,6,16477272031.0,30769909478.0,1608.0,4199.0,111.0,35.0
Monday,17,321,8,16353268446.0,30939058544.0,1608.0,4184.0,111.0,35.0
Monday,17,321,9,16337984432.0,30856217387.0,1599.0,4182.0,111.0,34.0
Monday,17,321,10,16538097559.0,30777515855.0,1601.0,4176.0,111.0,34.0
Monday,17,321,11,16596796016.0,30696012699.0,1614.0,4168.0,111.0,34.0
Monday,17,321,12,15843870525.0,30910579083.0,1562.0,4166.0,111.0,34.0
Monday,17,321,13,15684595301.0,30779501435.0,1535.0,4184.0,114.0,34.0
Monday,17,321,14,15612908263.0,30976311778.0,1543.0,4188.0,114.0,34.0
Monday,17,321,15,15294401023.0,30707318566.0,1527.0,4206.0,111.0,34.0
Monday,17,321,16,16456542975.0,30382329545.0,1555.0,4188.0,111.0,34.0
Monday,17,321,17,16436861453.0,33017385743.0,1556.0,4205.0,111.0,34.0
Monday,17,321,18,16360968184.0,33092023225.0,1564.0,4196.0,111.0,34.0
Monday,17,321,19,15692127171.0,32877867026.0,1559.0,4172.0,111.0,34.0
Monday,17,321,20,15672363387.0,32724702356.0,1590.0,4139.0,111.0,34.0
Monday,17,321,21,15627418498.0,32481085417.0,1554.0,4132.0,111.0,34.0
Monday,17,321,22,15819995600.0,33638650784.0,1530.0,4140.0,111.0,33.0
Monday,17,321,23,15616931666.0,33501211734.0,1510.0,4126.0,111.0,33.0
Saturday,6,340,1,29723981104.0,27353453339.0,1835.0,3611.0,146.0,39.0
Saturday,6,340,3,30036683118.0,27452277347.0,1831.0,3612.0,146.0,39.0
Saturday,6,340,4,30060750041.0,27026619179.0,1840.0,3635.0,146.0,39.0
Saturday,6,340,5,29933723807.0,26904260505.0,1835.0,3577.0,146.0,38.0
Saturday,6,340,6,29906917672.0,26710668799.0,1862.0,3590.0,165.0,38.0
Saturday,6,340,7,29828820989.0,26674647625.0,1892.0,3599.0,173.0,38.0
Saturday,6,340,8,29789609471.0,25298653860.0,1895.0,3587.0,173.0,38.0
Saturday,6,340,9,25272627997.0,25308417480.0,1929.0,3594.0,175.0,38.0
Saturday,6,340,10,25493850752.0,25402218485.0,1955.0,3567.0,175.0,38.0
Saturday,6,340,11,25501043019.0,25280270821.0,1916.0,3557.0,175.0,38.0
Saturday,6,340,12,29680309353.0,25234575821.0,1871.0,3567.0,173.0,38.0
Saturday,6,340,13,29530417004.0,25367978376.0,1872.0,3595.0,173.0,38.0
Saturday,6,340,14,25105481861.0,25450788105.0,1917.0,3608.0,177.0,38.0
Saturday,6,340,15,25083517357.0,25212079642.0,1928.0,3596.0,177.0,37.0
Saturday,6,340,16,25202848782.0,24489418174.0,1924.0,3620.0,177.0,38.0
Saturday,6,340,17,25527863983.0,23603089994.0,1944.0,3639.0,175.0,38.0
Saturday,6,340,18,25528037120.0,23625489588.0,2000.0,3626.0,175.0,38.0
Saturday,6,340,19,25565967674.0,23775721930.0,2004.0,3648.0,175.0,38.0
Saturday,6,340,20,25643802046.0,24039675694.0,2004.0,3590.0,175.0,38.0
Saturday,6,340,21,25614205045.0,23944277788.0,1965.0,3598.0,175.0,39.0
Saturday,6,340,23,25565799147.0,23469882609.0,2005.0,3549.0,175.0,38.0
Saturday,8,312,1,17644359032.0,25421663745.0,1623.0,3544.0,119.0,31.0
Saturday,8,312,3,17456418727.0,24770141793.0,1592.0,3499.0,119.0,31.0
Saturday,8,312,4,17561985783.0,24875270663.0,1562.0,3465.0,119.0,31.0
Saturday,8,312,5,17566156300.0,24889292622.0,1560.0,3474.0,119.0,31.0
Saturday,8,312,6,17577716718.0,24865417111.0,1582.0,3462.0,119.0,30.0
Saturday,8,312,7,17564109715.0,24483561984.0,1599.0,3442.0,119.0,30.0
Saturday,8,312,8,17529484324.0,24428088901.0,1619.0,3462.0,121.0,30.0
Saturday,8,312,9,17530281824.0,24824194221.0,1631.0,3465.0,121.0,31.0
Saturday,8,312,10,17514066647.0,24682594273.0,1631.0,3467.0,121.0,31.0
Saturday,8,312,11,17480474635.0,25660890387.0,1563.0,3485.0,121.0,33.0
Saturday,8,312,12,17471262233.0,25667932609.0,1510.0,3429.0,121.0,32.0
Saturday,8,312,13,17596181930.0,25402306396.0,1495.0,3421.0,121.0,32.0
Saturday,8,312,14,17547793328.0,25444035366.0,1479.0,3430.0,121.0,32.0
Saturday,8,312,15,17659853444.0,25467526052.0,1512.0,3420.0,121.0,32.0
Saturday,8,312,16,17623589861.0,25312289922.0,1522.0,3447.0,121.0,33.0
Saturday,8,312,17,17506567222.0,25446786089.0,1521.0,3469.0,121.0,32.0
Saturday,8,312,18,17473653556.0,25039927258.0,1492.0,3457.0,123.0,32.0
Saturday,8,312,19,16808614860.0,25401686279.0,1514.0,3546.0,102.0,32.0
Saturday,8,312,20,16872879836.0,25216332910.0,1540.0,3551.0,100.0,32.0
Saturday,8,312,21,16757049382.0,25684591006.0,1538.0,3597.0,100.0,32.0
Saturday,8,312,22,16655979054.0,25524240608.0,1519.0,3600.0,100.0,32.0
Saturday,8,312,23,16673320970.0,24813702420.0,1541.0,3612.0,100.0,32.0
Saturday,13,347,1,26308319193.0,20498051081.0,1852.0,3520.0,169.0,37.0
Saturday,13,347,3,26166209978.0,20378668321.0,1867.0,3503.0,169.0,36.0
Saturday,13,347,4,26181004275.0,19881770333.0,1847.0,3474.0,169.0,37.0
Saturday,13,347,5,26161687559.0,19454423750.0,1881.0,3457.0,169.0,37.0
Saturday,13,347,6,26441404629.0,19375835165.0,1872.0,3453.0,169.0,36.0
Saturday,13,347,7,26413636154.0,19338950273.0,1839.0,3472.0,169.0,36.0
Saturday,13,347,8,26273935900.0,19200791461.0,1830.0,3454.0,169.0,36.0
Saturday,13,347,9,26201810536.0,19028255621.0,1824.0,3439.0,169.0,36.0
Saturday,13,347,10,26109694746.0,18799284613.0,1866.0,3440.0,169.0,36.0
Saturday,13,347,11,26022916642.0,18575741642.0,1870.0,3429.0,169.0,37.0
Saturday,13,347,12,25952759503.0,18252493624.0,1866.0,3396.0,169.0,36.0
Saturday,13,347,13,25858867063.0,18533587925.0,1863.0,3389.0,169.0,36.0
Saturday,13,347,14,26053148864.0,18589082603.0,1892.0,3388.0,169.0,37.0
Saturday,13,347,15,26096531520.0,18441545540.0,1868.0,3389.0,169.0,37.0
Saturday,13,347,16,26290964129.0,18636009820.0,1896.0,3410.0,169.0,38.0
Saturday,13,347,17,26345074609.0,18589407165.0,1916.0,3412.0,169.0,38.0
Saturday,13,347,18,26103197033.0,18464777124.0,1896.0,3427.0,169.0,36.0
Saturday,13,347,19,26196168192.0,18539507939.0,1876.0,3444.0,169.0,36.0
Saturday,13,347,20,26275419029.0,17516604595.0,1885.0,3471.0,169.0,124.0
Saturday,13,347,21,26201133578.0,18306624879.0,1875.0,3466.0,172.0,36.0
Saturday,13,347,22,25894949668.0,18242465306.0,1864.0,3442.0,170.0,36.0
Saturday,13,347,23,25982381404.0,19268083856.0,1886.0,3456.0,169.0,36.0
Saturday,15,319,1,15939913686.0,30270771280.0,1389.0,4118.0,116.0,35.0
Saturday,15,319,3,15881381546.0,31751671459.0,1336.0,4110.0,116.0,35.0
Saturday,15,319,4,16359476880.0,31539133750.0,1352.0,4108.0,116.0,36.0
Saturday,15,319,5,16393862421.0,31584683205.0,1360.0,4127.0,116.0,36.0
Saturday,15,319,6,16503247743.0,31550857216.0,1366.0,4131.0,116.0,41.0
Saturday,15,319,7,16504765863.0,31416680626.0,1383.0,4141.0,116.0,41.0
Saturday,15,319,8,16516639439.0,31542785460.0,1410.0,4152.0,116.0,42.0
Saturday,15,319,9,16280774173.0,31582861631.0,1414.0,4133.0,116.0,41.0
Saturday,15,319,10,17343769160.0,32080441906.0,1465.0,4139.0,116.0,41.0
Saturday,15,319,11,17374320526.0,32076908223.0,1472.0,4144.0,108.0,41.0
Saturday,15,319,12,17450459251.0,31911773206.0,1508.0,4172.0,108.0,41.0
Saturday,15,319,13,17553908112.0,31655611112.0,1488.0,4165.0,108.0,41.0
Saturday,15,319,14,17509531755.0,31421717186.0,1501.0,4109.0,108.0,41.0
Saturday,15,319,15,17652937907.0,32131099556.0,1531.0,4102.0,110.0,41.0
Saturday,15,319,16,17722365554.0,32203618861.0,1555.0,4099.0,110.0,41.0
Saturday,15,319,17,17777860656.0,32556739229.0,1616.0,4133.0,110.0,41.0
Saturday,15,319,18,18058060112.0,32521018882.0,1629.0,4124.0,110.0,41.0
Saturday,15,319,19,17918492267.0,32483038621.0,1624.0,4130.0,110.0,41.0
Saturday,15,319,20,17869453983.0,32488142592.0,1591.0,4144.0,110.0,41.0
Saturday,15,319,21,17292113609.0,32853827450.0,1582.0,4129.0,110.0,41.0
Saturday,15,319,22,17290335184.0,32619173806.0,1576.0,4140.0,110.0,41.0
Saturday,15,319,23,16976838575.0,32303383098.0,1555.0,4124.0,110.0,41.0
Saturday,22,326,1,16513751367.0,22771589866.0,1540.0,3751.0,115.0,32.0
Saturday,22,326,3,16537584213.0,23223304234.0,1562.0,3689.0,116.0,32.0
Saturday,22,326,4,16596004064.0,23146886856.0,1592.0,3696.0,116.0,33.0
Saturday,22,326,5,16585850509.0,23085949932.0,1584.0,3697.0,116.0,34.0
Saturday,22,326,6,16736855433.0,23123175167.0,1606.0,3742.0,116.0,33.0
Saturday,22,326,7,16592157470.0,23172122078.0,1617.0,3733.0,116.0,33.0
Saturday,22,326,8,16417558838.0,23028739499.0,1619.0,3730.0,117.0,33.0
Saturday,22,326,9,20631235951.0,23575528041.0,1654.0,3703.0,115.0,33.0
Saturday,22,326,10,20650355052.0,23568783285.0,1661.0,3709.0,115.0,33.0
Saturday,22,326,11,20772019410.0,23481136728.0,1690.0,3704.0,114.0,31.0
Saturday,22,326,12,16686926831.0,23993693280.0,1739.0,3719.0,116.0,31.0
Saturday,22,326,13,21011148739.0,23960756746.0,1750.0,3738.0,114.0,31.0
Saturday,22,326,14,20928779984.0,24091851726.0,1730.0,3773.0,113.0,33.0
Sunday,7,341,1,25454226691.0,25384028157.0,2003.0,3537.0,175.0,37.0
Sunday,7,341,3,25411253239.0,25206198425.0,2019.0,3540.0,175.0,37.0
Sunday,7,341,4,25417034658.0,24827963861.0,2034.0,3546.0,175.0,37.0
Sunday,7,341,5,29737365922.0,25025558278.0,2038.0,3539.0,173.0,37.0
Sunday,7,341,6,29530523387.0,24048372511.0,2041.0,3567.0,177.0,38.0
Sunday,7,341,7,29464086000.0,24021318289.0,2061.0,3561.0,177.0,37.0
Sunday,7,341,8,29457638280.0,24150210352.0,2063.0,3590.0,174.0,37.0
Sunday,7,341,9,29413688251.0,24370435188.0,2058.0,3591.0,174.0,37.0
Sunday,7,341,10,29635498100.0,24159001323.0,2078.0,3565.0,172.0,38.0
Sunday,7,341,11,29713290387.0,24435681570.0,2070.0,3563.0,172.0,38.0
Sunday,7,341,12,30717953606.0,24341583472.0,2023.0,3571.0,172.0,38.0
Sunday,7,341,13,30770681560.0,24050848382.0,1952.0,3538.0,172.0,38.0
Sunday,7,341,14,30655138900.0,23956834034.0,1959.0,3505.0,171.0,38.0
Sunday,7,341,15,30593377040.0,23697354579.0,1979.0,3484.0,171.0,38.0
Sunday,7,341,16,30558136662.0,23189955290.0,2002.0,3472.0,171.0,38.0
Sunday,7,341,17,30592469846.0,23125872457.0,2012.0,3479.0,170.0,38.0
Sunday,7,341,18,30668188408.0,23644736761.0,2052.0,3566.0,172.0,39.0
Sunday,7,341,19,30677508381.0,25328705083.0,2061.0,3571.0,172.0,39.0
Sunday,7,341,20,30959030240.0,25063969528.0,2044.0,3575.0,172.0,38.0
Sunday,7,341,21,31212772672.0,25064869959.0,1956.0,3566.0,171.0,39.0
Sunday,7,341,22,31165809015.0,25038091134.0,1927.0,3551.0,170.0,38.0
Sunday,7,341,23,31259805960.0,25160530932.0,1961.0,3571.0,170.0,39.0
Sunday,9,313,1,16380197477.0,24304710952.0,1498.0,3596.0,100.0,33.0
Sunday,9,313,3,16713577692.0,24146720536.0,1506.0,3554.0,100.0,33.0
Sunday,9,313,4,16685633394.0,24147082037.0,1510.0,3556.0,100.0,33.0
Sunday,9,313,5,16558278495.0,24086421630.0,1508.0,3575.0,100.0,33.0
Sunday,9,313,6,16514375024.0,23605811190.0,1513.0,3575.0,101.0,33.0
Sunday,9,313,7,16358744201.0,23272456078.0,1532.0,3590.0,101.0,33.0
Sunday,9,313,8,16323172693.0,23360782108.0,1545.0,3577.0,101.0,33.0
Sunday,9,313,9,16299549718.0,23368751135.0,1537.0,3591.0,101.0,34.0
Sunday,9,313,10,16159675757.0,23133304043.0,1546.0,3547.0,102.0,34.0
Sunday,9,313,11,16306689024.0,23048887428.0,1520.0,3554.0,102.0,35.0
Sunday,9,313,12,16518422501.0,23235034771.0,1552.0,3478.0,102.0,34.0
Sunday,9,313,13,16478112004.0,22618206723.0,1537.0,3472.0,99.0,33.0
Sunday,9,313,14,16411452498.0,22742371911.0,1536.0,3507.0,102.0,33.0
Sunday,9,313,15,17143820010.0,21507151210.0,1584.0,3489.0,104.0,33.0
Sunday,9,313,16,17479691977.0,21221378521.0,1656.0,3427.0,102.0,33.0
Sunday,9,313,17,17417491417.0,20807488540.0,1590.0,3459.0,101.0,32.0
Sunday,9,313,18,18515710410.0,21072509901.0,1589.0,3451.0,101.0,32.0
Sunday,9,313,19,18533801134.0,21017572216.0,1622.0,3457.0,101.0,32.0
Sunday,9,313,20,18534037683.0,20907301653.0,1620.0,3478.0,101.0,33.0
Sunday,9,313,21,18200267297.0,21049491179.0,1616.0,3528.0,105.0,33.0
Sunday,9,313,22,18160126241.0,20910386791.0,1622.0,3508.0,103.0,33.0
Sunday,9,313,23,18133352911.0,20801704577.0,1661.0,3512.0,103.0,33.0
Sunday,14,348,1,25683336103.0,20993461598.0,1835.0,3469.0,170.0,36.0
Sunday,14,348,3,26036508630.0,21113229657.0,1855.0,3479.0,170.0,36.0
Sunday,14,348,4,26051201475.0,21064406052.0,1859.0,3487.0,169.0,36.0
Sunday,14,348,5,26269474475.0,19833408488.0,1865.0,3405.0,169.0,36.0
Sunday,14,348,6,26291020217.0,18598650916.0,1878.0,3405.0,169.0,121.0
Sunday,14,348,7,26372644120.0,19578526550.0,1881.0,3404.0,169.0,34.0
Sunday,14,348,8,26856048555.0,19431766262.0,1881.0,3398.0,168.0,33.0
Sunday,14,348,9,26888311573.0,18995063981.0,1908.0,3404.0,169.0,33.0
Sunday,14,348,10,27016496484.0,18834490000.0,1905.0,3419.0,169.0,33.0
Sunday,14,348,11,27001280090.0,16602729611.0,1797.0,3442.0,168.0,120.0
Sunday,14,348,12,26798740664.0,17027852826.0,1815.0,3448.0,171.0,120.0
Sunday,14,348,13,26929251776.0,17814128364.0,1852.0,3428.0,170.0,33.0
Sunday,14,348,14,26908980685.0,18072873515.0,1870.0,3416.0,170.0,34.0
Sunday,14,348,15,27131333870.0,18214997364.0,1862.0,3421.0,170.0,36.0
Sunday,14,348,16,27129105230.0,17699024403.0,1857.0,3428.0,170.0,36.0
Sunday,14,348,17,26371434432.0,17864748723.0,1814.0,3445.0,170.0,34.0
Sunday,14,348,18,26545263651.0,17750642074.0,1850.0,3447.0,168.0,34.0
Sunday,14,348,19,26515677659.0,18309732236.0,1850.0,3471.0,168.0,37.0
Sunday,14,348,20,26517079564.0,18863022501.0,1866.0,3526.0,168.0,34.0
Sunday,14,348,21,26679266865.0,18795963483.0,1912.0,3558.0,168.0,34.0
Sunday,14,348,22,26816428098.0,19289868909.0,1942.0,3587.0,168.0,34.0
Sunday,14,348,23,26680141917.0,19027765339.0,1962.0,3589.0,168.0,34.0
Sunday,16,320,1,17750688800.0,32030538498.0,1574.0,4106.0,110.0,41.0
Sunday,16,320,3,17555260792.0,33095251493.0,1566.0,4087.0,110.0,35.0
Sunday,16,320,4,17176865617.0,33096279611.0,1576.0,4095.0,113.0,35.0
Sunday,16,320,5,17139473577.0,34011195078.0,1549.0,4106.0,110.0,35.0
Sunday,16,320,6,17120900897.0,34230457505.0,1541.0,4119.0,113.0,35.0
Sunday,16,320,7,17101159805.0,34121235321.0,1540.0,4113.0,113.0,35.0
Sunday,16,320,8,17203134672.0,34274340013.0,1541.0,4123.0,113.0,35.0
Sunday,16,320,9,16287911131.0,34269917045.0,1535.0,4165.0,108.0,35.0
Sunday,16,320,10,16004685929.0,33998940274.0,1492.0,4136.0,111.0,35.0
Sunday,16,320,11,16006798888.0,34120381717.0,1509.0,4141.0,111.0,34.0
Sunday,16,320,12,15947591098.0,33210352801.0,1482.0,4060.0,108.0,34.0
Sunday,16,320,13,15933705254.0,33961473049.0,1486.0,4073.0,108.0,34.0
Sunday,16,320,14,15850559976.0,33923370621.0,1479.0,4081.0,110.0,34.0
Sunday,16,320,15,15889641205.0,33176467424.0,1447.0,4110.0,110.0,34.0
Sunday,16,320,16,16258975020.0,33128006147.0,1462.0,4093.0,113.0,35.0
Sunday,16,320,17,16282218335.0,32744592300.0,1479.0,4100.0,113.0,35.0
Sunday,16,320,18,16060953122.0,32912676369.0,1514.0,4118.0,113.0,35.0
Sunday,16,320,19,15972258408.0,33333303150.0,1528.0,4141.0,111.0,35.0
Sunday,16,320,20,16734320848.0,33095444712.0,1544.0,4187.0,111.0,35.0
Sunday,16,320,21,16615708310.0,33211312828.0,1519.0,4194.0,111.0,35.0
Sunday,16,320,22,16610942106.0,33032556748.0,1533.0,4197.0,111.0,35.0
Sunday,16,320,23,16575743072.0,33046977769.0,1533.0,4199.0,111.0,35.0
Sunday,30,334,22,28320805555.5,23469246917.5,1737.0,3632.0,121.0,39.0
Sunday,30,334,23,29055236795.0,23693265697.0,1774.0,3591.0,121.0,38.0
Thursday,4,338,1,31457927065.0,25933932642.0,1788.0,3587.0,144.0,51.0
Thursday,4,338,3,31248169675.0,25942557422.0,1748.0,3543.0,144.0,50.0
Thursday,4,338,4,31328816173.0,25767740661.0,1754.0,3520.0,144.0,49.0
Thursday,4,338,5,31335559230.0,25628357259.0,1742.0,3518.0,144.0,49.0
Thursday,4,338,6,31157797253.0,24817500735.0,1736.0,3477.0,144.0,49.0
Thursday,4,338,7,31076362265.0,25035026959.0,1729.0,3487.0,144.0,49.0
Thursday,4,338,8,31069119460.0,24980859136.0,1731.0,3476.0,144.0,49.0
Thursday,4,338,9,31115276093.0,24811986642.0,1740.0,3454.0,144.0,48.0
Thursday,4,338,10,30955160903.0,27439075136.0,1732.0,3498.0,144.0,48.0
Thursday,4,338,11,31105393316.0,27298420174.0,1755.0,3501.0,145.0,49.0
Thursday,4,338,12,31238696689.0,27458755882.0,1760.0,3480.0,145.0,49.0
Thursday,4,338,13,31097625572.0,27591969701.0,1755.0,3491.0,145.0,50.0
Thursday,4,338,14,31077810394.0,27356502601.0,1759.0,3501.0,145.0,49.0
Thursday,4,338,15,31100135623.0,27772519803.0,1787.0,3546.0,145.0,50.0
Thursday,4,338,16,30954135385.0,27337851577.0,1766.0,3551.0,145.0,50.0
Thursday,4,338,17,30895645499.0,27716379039.0,1749.0,3571.0,145.0,50.0
Thursday,4,338,18,30862831185.0,27176218101.0,1760.0,3584.0,145.0,50.0
Thursday,4,338,19,30838969391.0,26767345784.0,1775.0,3567.0,145.0,50.0
Thursday,4,338,20,30904359537.0,26954438153.0,1818.0,3620.0,144.0,50.0
Thursday,4,338,21,30859177997.0,27029922916.0,1829.0,3662.0,147.0,50.0
Thursday,4,338,22,30885517748.0,26973847527.0,1836.0,3667.0,147.0,50.0
Thursday,4,338,23,31082936251.0,27132914455.0,1870.0,3668.0,144.0,49.0
Thursday,6,310,0,17079592922.5,26865505473.5,1611.0,3343.5,121.0,26.0
Thursday,6,310,1,17039262651.0,26883758716.0,1613.0,3367.0,121.0,26.0
Thursday,6,310,3,16928588927.0,26910759424.0,1568.0,3367.0,121.0,26.0
Thursday,6,310,4,17002721010.0,26500529036.0,1558.0,3363.0,121.0,26.0
Thursday,6,310,5,16903603020.0,26474881628.0,1570.0,3341.0,121.0,25.0
Thursday,6,310,6,16719704932.0,25994168434.0,1541.0,3350.0,121.0,25.0
Thursday,6,310,7,16736637436.0,25969760922.0,1550.0,3368.0,121.0,26.0
Thursday,6,310,8,16711500803.0,25723871068.0,1548.0,3365.0,122.0,26.0
Thursday,6,310,9,16866828977.0,24749698904.0,1565.0,3344.0,122.0,26.0
Thursday,6,310,10,16613375526.0,24841004825.0,1512.0,3354.0,122.0,26.0
Thursday,6,310,12,17203442177.0,24517121097.0,1518.5,3377.5,122.0,25.0
Thursday,6,310,13,17270788348.0,24697935359.0,1525.0,3385.0,122.0,25.0
Thursday,6,310,14,17135329105.0,25366779731.0,1519.0,3410.0,122.0,26.0
Thursday,6,310,15,17444202190.0,25237063585.0,1529.0,3413.0,122.0,26.0
Thursday,6,310,16,17379524555.0,25889297949.0,1563.0,3418.0,124.0,26.0
Thursday,6,310,17,17333275403.0,25695668476.0,1570.0,3466.0,124.0,27.0
Thursday,6,310,18,17335833342.0,25698476282.0,1553.0,3465.0,124.0,27.0
Thursday,6,310,19,17308229599.0,25723066300.0,1548.0,3469.0,121.0,27.0
Thursday,6,310,20,17294393585.0,25491436525.0,1559.0,3481.0,119.0,27.0
Thursday,6,310,21,17295400370.0,25928459492.0,1577.0,3467.0,119.0,26.0
Thursday,6,310,22,17311786495.0,25530152047.0,1574.0,3449.0,119.0,26.0
Thursday,6,310,23,17291210095.0,25425897922.0,1597.0,3439.0,119.0,26.0
Thursday,11,345,1,27043471232.0,16571642261.0,1803.0,3440.0,178.0,36.0
Thursday,11,345,3,26987722168.0,16767942786.0,1822.0,3451.0,178.0,36.0
Thursday,11,345,4,27280587205.0,16721337977.0,1842.0,3467.0,178.0,36.0
Thursday,11,345,5,27212905934.0,16924040054.0,1842.0,3419.0,178.0,36.0
Thursday,11,345,6,27691208885.0,16905841406.0,1878.0,3418.0,178.0,36.0
Thursday,11,345,7,27691055821.0,16216712332.0,1884.0,3394.0,178.0,36.0
Thursday,11,345,8,27700318791.0,16137603963.0,1791.0,3392.0,178.0,36.0
Thursday,11,345,9,27758452908.0,16102557649.0,1810.0,3393.0,178.0,36.0
Thursday,11,345,10,27823060279.0,16115758686.0,1808.0,3414.0,178.0,36.0
Thursday,11,345,11,27824494598.0,16070779137.0,1812.0,3409.0,178.0,35.0
Thursday,11,345,12,27886281620.0,16198792869.0,1833.0,3424.0,178.0,35.0
Thursday,11,345,13,27885642125.0,17179095524.0,1838.0,3444.0,178.0,35.0
Thursday,11,345,14,27888529816.0,17356429909.0,1870.0,3456.0,177.0,35.0
Thursday,11,345,15,27861995852.0,18353101234.0,1853.0,3493.0,177.0,36.0
Thursday,11,345,16,26837217951.0,17701809313.0,1825.0,3479.0,177.0,36.0
Thursday,11,345,17,26751763624.0,17806316798.0,1848.0,3473.0,177.0,35.0
Thursday,11,345,18,26824541336.0,17689177118.0,1815.0,3501.0,177.0,36.0
Thursday,11,345,19,26732058882.0,17757004310.0,1790.0,3506.0,176.0,35.0
Thursday,11,345,20,26726232619.0,17739807067.0,1805.0,3513.0,176.0,35.0
Thursday,11,345,21,26784697553.0,17784055128.0,1860.0,3485.0,176.0,34.0
Thursday,11,345,22,26784706726.0,17650864720.0,1848.0,3412.0,176.0,34.0
Thursday,11,345,23,26654194379.0,18094225198.0,1836.0,3411.0,176.0,35.0
Thursday,13,317,1,15530862217.0,27473088172.0,1538.0,3968.0,117.0,36.0
Thursday,13,317,3,14903071385.0,27689371902.0,1511.0,3986.0,120.0,36.0
Thursday,13,317,4,14707160378.0,27716494214.0,1480.0,4000.0,120.0,36.0
Thursday,13,317,5,14862606357.0,27760235760.0,1491.0,4006.0,117.0,36.0
Thursday,13,317,6,15854269891.0,27737973798.0,1469.0,4017.0,116.0,36.0
Thursday,13,317,7,15746183480.0,28096734274.0,1502.0,4018.0,117.0,36.0
Thursday,13,317,8,15839872913.0,27852696921.0,1525.0,4032.0,119.0,36.0
Thursday,13,317,9,15875415807.0,27747215077.0,1509.0,4028.0,119.0,36.0
Thursday,13,317,10,15562062758.0,27172468045.0,1511.0,4034.0,119.0,36.0
Thursday,13,317,11,15645418799.0,27048033233.0,1537.0,4042.0,119.0,36.0
Thursday,13,317,12,15550962623.0,27123333603.0,1538.0,4035.0,120.0,36.0
Thursday,13,317,13,15530245203.0,28117246113.0,1523.0,4033.0,120.0,36.0
Thursday,13,317,14,15542536335.0,28370043006.0,1539.0,4024.0,120.0,36.0
Thursday,13,317,15,14646710982.0,27245955107.0,1557.0,4032.0,121.0,36.0
Thursday,13,317,16,14692446270.0,27084147366.0,1572.0,4011.0,121.0,36.0
Thursday,13,317,17,14627102867.0,26885416047.0,1594.0,3966.0,121.0,35.0
Thursday,13,317,18,14794208874.0,27770255259.0,1631.0,3959.0,120.0,35.0
Thursday,13,317,19,14745886242.0,27837822536.0,1624.0,3971.0,120.0,35.0
Thursday,13,317,20,14741809787.0,27787435711.0,1640.0,3962.0,120.0,36.0
Thursday,13,317,21,14852592485.0,28300610391.0,1690.0,3971.0,120.0,35.0
Thursday,13,317,22,14755477858.0,28018084547.0,1685.0,3973.0,119.0,35.0
Thursday,13,317,23,14936843989.0,28753004351.0,1645.0,3987.0,119.0,35.0
Thursday,18,352,1,27886391885.0,24053335191.0,1845.0,3711.0,161.0,38.0
Thursday,18,352,3,27833588806.0,23861978914.0,1842.0,3662.0,163.0,37.0
Thursday,18,352,4,27934330932.0,23852167895.0,1871.0,3686.0,163.0,37.0
Thursday,18,352,5,27944371504.0,23812849386.0,1888.0,3656.0,169.0,37.0
Thursday,18,352,6,27921711654.0,25194202033.0,1895.0,3655.0,167.0,37.0
Thursday,18,352,7,27839167432.0,25136897185.0,1919.0,3676.0,167.0,37.0
Thursday,18,352,8,27943684508.0,24948735882.0,1940.0,3648.0,167.0,37.0
Thursday,18,352,9,27963283372.0,24828690398.0,1958.0,3659.0,167.0,38.0
Thursday,18,352,10,27890029441.0,24413011362.0,1978.0,3648.0,167.0,38.0
Thursday,18,352,11,27836841215.0,24510478915.0,1978.0,3653.0,167.0,38.0
Thursday,18,352,12,27768092195.0,24595373069.0,1968.0,3660.0,166.0,37.0
Thursday,18,352,13,28004955350.0,24964896126.0,1985.0,3674.0,166.0,38.0
Thursday,18,352,14,27855896992.0,24984843603.0,1977.0,3651.0,166.0,38.0
Thursday,18,352,15,27767491443.0,24838477628.0,1980.0,3646.0,166.0,38.0
Thursday,18,352,16,28096545672.0,24559535169.0,1994.0,3643.0,160.0,38.0
Thursday,18,352,17,28213515015.0,24830590885.0,2020.0,3644.0,160.0,38.0
Thursday,18,352,18,28205131020.0,24707323726.0,2010.0,3642.0,160.0,38.0
Thursday,18,352,19,28105240487.0,24123506856.0,1991.0,3627.0,160.0,38.0
Thursday,18,352,20,27734565823.0,24291069078.0,1980.0,3622.0,164.0,38.0
Thursday,18,352,21,28245181519.0,24446045234.0,1995.0,3638.0,160.0,37.0
Thursday,18,352,22,28241009820.0,24333526232.0,2018.0,3643.0,160.0,38.0
Thursday,18,352,23,28435047379.0,25294402773.0,1975.0,3663.0,160.0,37.0
Thursday,20,324,1,17908771440.0,22278180894.0,1586.0,3776.0,104.0,34.0
Thursday,20,324,3,17510525825.0,22223757146.0,1581.0,3770.0,104.0,33.0
Thursday,20,324,4,17996874934.0,22212923556.0,1612.0,3756.0,104.0,34.0
Thursday,20,324,5,17977332755.0,22544764183.0,1598.0,3756.0,104.0,34.0
Thursday,20,324,6,17967683997.0,22582855873.0,1629.0,3716.0,104.0,34.0
Thursday,20,324,7,17935632001.0,22459167068.0,1620.0,3715.0,106.0,34.0
Thursday,20,324,8,17927453501.0,23360441770.0,1635.0,3745.0,106.0,34.0
Thursday,20,324,9,17837073727.0,23292076243.0,1607.0,3748.0,106.0,34.0
Thursday,20,324,10,17855321073.0,22984484903.0,1618.0,3720.0,106.0,34.0
Thursday,20,324,11,17653241655.0,22542648766.0,1635.0,3708.0,106.0,34.0
Thursday,20,324,12,17652415391.0,22376577670.0,1611.0,3718.0,107.0,33.0
Thursday,20,324,13,17649554359.0,22329194384.0,1629.0,3699.0,107.0,34.0
Thursday,20,324,14,17403263632.0,22242961239.0,1596.0,3713.0,106.0,34.0
Thursday,20,324,15,17421972872.0,22991970611.0,1589.0,3757.0,106.0,34.0
Thursday,20,324,16,17769330192.0,22959889125.0,1662.0,3760.0,106.0,35.0
Thursday,20,324,17,17765977009.0,23351364897.0,1665.0,3750.0,106.0,33.0
Thursday,20,324,18,21958075965.0,22904990653.0,1624.0,3749.0,104.0,33.0
Thursday,20,324,19,21951211943.0,22732739518.0,1618.0,3736.0,103.0,33.0
Thursday,20,324,20,21633340859.0,23602899509.0,1615.0,3755.0,103.0,33.0
Thursday,20,324,21,21889830919.0,23550694612.0,1640.0,3740.0,103.0,32.0
Thursday,20,324,22,21329546267.0,23375742714.0,1600.0,3708.0,104.0,33.0
Thursday,20,324,23,21303689067.0,23233075746.0,1587.0,3708.0,106.0,33.0
Tuesday,2,336,1,25945045716.0,27847733789.0,1738.0,3547.0,126.0,40.0
Tuesday,2,336,3,25770621586.0,27651313748.0,1712.0,3534.0,125.0,38.0
Tuesday,2,336,4,26025197709.0,27648503452.0,1714.0,3529.0,125.0,36.0
Tuesday,2,336,5,25841842983.0,27507588114.0,1715.0,3526.0,125.0,36.0
Tuesday,2,336,6,25771697723.0,27411561590.0,1719.0,3496.0,125.0,36.0
Tuesday,2,336,7,25745089237.0,27242821753.0,1717.0,3476.0,125.0,36.0
Tuesday,2,336,8,25642290539.0,27296753596.0,1703.0,3483.0,125.0,38.0
Tuesday,2,336,9,26880601806.0,25588805862.0,1716.0,3490.0,125.0,37.0
Tuesday,2,336,10,31078238570.0,25548658715.0,1727.0,3508.0,123.0,37.0
Tuesday,2,336,11,31039597273.0,25586972154.0,1738.0,3535.0,123.0,37.0
Tuesday,2,336,12,26759046381.0,25853072876.0,1742.0,3519.0,125.0,37.0
Tuesday,2,336,13,26802329957.0,25260506542.0,1761.0,3477.0,125.0,37.0
Tuesday,2,336,14,31039594255.0,25243918753.0,1755.0,3480.0,123.0,37.0
Tuesday,2,336,15,30835973159.0,26288299531.0,1761.0,3493.0,123.0,37.0
Tuesday,2,336,16,30912948340.0,27540586108.0,1779.0,3490.0,123.0,39.0
Tuesday,2,336,17,30905801504.0,27579609049.0,1800.0,3526.0,123.0,39.0
Tuesday,2,336,18,30827460316.0,27321926198.0,1817.0,3543.0,124.0,39.0
Tuesday,2,336,19,30907211905.0,26996477461.0,1827.0,3556.0,125.0,39.0
Tuesday,2,336,20,30888652983.0,26995839104.0,1782.0,3576.0,125.0,39.0
Tuesday,2,336,21,30795909229.0,26758280923.0,1778.0,3579.0,124.0,39.0
Tuesday,2,336,22,30706898533.0,26096943526.0,1728.0,3547.0,124.0,39.0
Tuesday,2,336,23,30877517441.0,26012197463.0,1735.0,3570.0,130.0,39.0
Tuesday,9,343,1,32013774082.0,23702890021.0,1951.0,3535.0,169.0,37.0
Tuesday,9,343,3,31916575909.0,23585615473.0,1929.0,3501.0,169.0,38.0
Tuesday,9,343,4,31905301018.0,23312246522.0,1923.0,3476.0,169.0,38.0
Tuesday,9,343,5,31919169658.0,23622643270.0,1935.0,3497.0,169.0,38.0
Tuesday,9,343,6,32031235193.0,23331747009.0,1973.0,3502.0,169.0,38.0
Tuesday,9,343,7,32051715830.0,23229578897.0,1993.0,3528.0,169.0,38.0
Tuesday,9,343,8,32325193429.0,22796448736.0,2038.0,3516.0,169.0,38.0
Tuesday,9,343,10,32224379754.0,22611316418.0,2039.0,3563.0,169.0,38.0
Tuesday,9,343,11,32235303214.0,22313455290.0,2039.0,3531.0,169.0,37.0
Tuesday,9,343,12,27984185654.0,18911899095.0,2028.0,3486.0,171.0,37.0
Tuesday,9,343,13,24429902843.0,18838243644.0,2021.0,3467.0,177.0,37.0
Tuesday,9,343,14,24387087353.0,18875271378.0,2019.0,3463.0,179.0,36.0
Tuesday,9,343,15,27919142404.0,18808645744.0,2018.0,3452.0,171.0,36.0
Tuesday,9,343,16,27917702911.0,18854395804.0,2042.0,3476.0,171.0,35.0
Tuesday,9,343,17,27876312956.0,19172889133.0,2051.0,3482.0,171.0,35.0
Tuesday,9,343,18,27996297410.0,19052748262.0,2079.0,3442.0,171.0,35.0
Tuesday,9,343,19,28101142638.0,18879346142.0,2085.0,3436.0,171.0,35.0
Tuesday,9,343,20,28081928086.0,20050992830.0,2068.0,3462.0,171.0,36.0
Tuesday,9,343,21,31214300922.0,20212359443.0,2058.0,3460.0,169.0,35.0
Tuesday,9,343,22,31165478161.0,20159770392.0,2033.0,3452.0,169.0,35.0
Tuesday,9,343,23,30741518125.0,21284335411.0,1990.0,3454.0,169.0,37.0
Tuesday,11,315,1,17024801970.0,22273407785.0,1538.0,3526.0,99.0,34.0
Tuesday,11,315,3,16719665077.0,23486111046.0,1548.0,3543.0,99.0,34.0
Tuesday,11,315,4,16640491309.0,23398698407.0,1554.0,3545.0,99.0,34.0
Tuesday,11,315,5,16633581297.0,24284771451.0,1554.0,3557.0,99.0,34.0
Tuesday,11,315,6,16638091124.0,24169847658.0,1552.0,3568.0,101.0,34.0
Tuesday,11,315,7,16746839316.0,24349681942.0,1556.0,3561.0,100.0,34.0
Tuesday,11,315,8,16660036572.0,25597208978.0,1559.0,3586.0,100.0,34.0
Tuesday,11,315,9,16313596400.0,25691145957.0,1558.0,3588.0,104.0,34.0
Tuesday,11,315,10,16595477740.0,25629188870.0,1573.0,3589.0,100.0,34.0
Tuesday,11,315,11,16570450011.0,25599331287.0,1590.0,3610.0,100.0,34.0
Tuesday,11,315,12,16684959007.0,25617546739.0,1617.0,3648.0,100.0,34.0
Tuesday,11,315,13,16671103974.0,25456109002.0,1619.0,3637.0,100.0,35.0
Tuesday,11,315,14,16557115658.0,25401272950.0,1617.0,3639.0,100.0,35.0
Tuesday,11,315,15,16427568607.0,25393821323.0,1641.0,3663.0,100.0,35.0
Tuesday,11,315,16,16415941880.0,25113714692.0,1651.0,3661.0,100.0,35.0
Tuesday,11,315,17,16239738087.0,25138362453.0,1646.0,3667.0,104.0,35.0
Tuesday,11,315,18,15939855783.0,25662891531.0,1652.0,3690.0,110.0,34.0
Tuesday,11,315,19,15868951172.0,25652731619.0,1616.0,3709.0,107.0,36.0
Tuesday,11,315,20,15618946698.0,25787811482.0,1621.0,3677.0,107.0,34.0
Tuesday,11,315,21,16100047247.0,25844758081.0,1564.0,3716.0,107.0,34.0
Tuesday,11,315,22,15904422458.0,25512772228.0,1556.0,3707.0,107.0,34.0
Tuesday,11,315,23,15827282275.0,24624511967.0,1530.0,3640.0,107.0,34.0
Tuesday,16,350,1,27022338219.0,21542313440.0,1875.0,3467.0,166.0,39.0
Tuesday,16,350,3,27232816908.0,21237850061.0,1817.0,3458.0,164.0,38.0
Tuesday,16,350,4,27865006015.0,21288305895.0,1808.0,3484.0,164.0,37.0
Tuesday,16,350,5,27854606091.0,20962191382.0,1814.0,3457.0,164.0,37.0
Tuesday,16,350,6,25101198385.0,23040289060.0,1818.0,3492.0,166.0,39.0
Tuesday,16,350,7,24978093812.0,22406164568.0,1822.0,3470.0,166.0,38.0
Tuesday,16,350,8,25034044500.0,22310143617.0,1841.0,3468.0,167.0,37.0
Tuesday,16,350,9,25756376417.0,22187057737.0,1880.0,3476.0,167.0,37.0
Tuesday,16,350,10,25861176080.0,22211996726.0,1905.0,3491.0,167.0,37.0
Tuesday,16,350,11,25972126834.0,22045972009.0,1873.0,3461.0,167.0,36.0
Tuesday,16,350,12,26072969196.0,21846184959.0,1894.0,3488.0,166.0,38.0
Tuesday,16,350,13,26043630828.0,23337902602.0,1883.0,3514.0,166.0,36.0
Tuesday,16,350,14,26129055813.0,23406671990.0,1871.0,3546.0,166.0,36.0
Tuesday,16,350,15,29238217624.0,22920054243.0,1862.0,3525.0,163.0,36.0
Tuesday,16,350,16,29414653250.0,22572077272.0,1868.0,3504.0,163.0,35.0
Tuesday,16,350,17,29401942416.0,22474168036.0,1864.0,3524.0,163.0,36.0
Tuesday,16,350,18,29617539427.0,21937975708.0,1870.0,3515.0,163.0,35.0
Tuesday,16,350,19,29567373255.0,22438092751.0,1903.0,3525.0,163.0,35.0
Tuesday,16,350,20,29427784769.0,22655168001.0,1895.0,3552.0,163.0,36.0
Tuesday,16,350,21,29451876177.0,22561459538.0,1914.0,3557.0,163.0,36.0
Tuesday,16,350,22,29578413700.0,23557319936.0,1906.0,3585.0,163.0,36.0
Tuesday,16,350,23,29410711272.0,23458632662.0,1898.0,3614.0,163.0,37.0
Tuesday,18,322,1,14741796541.0,33157080534.0,1520.0,4129.0,111.0,34.0
Tuesday,18,322,3,14452065512.0,32803533040.0,1520.0,4131.0,111.0,34.0
Tuesday,18,322,4,14437565587.0,33285688204.0,1533.0,4140.0,111.0,34.0
Tuesday,18,322,5,14411899395.0,32638451182.0,1510.0,4130.0,111.0,34.0
Tuesday,18,322,6,14600930061.0,32814117291.0,1535.0,4170.0,111.0,34.0
Tuesday,18,322,7,14574775942.0,33985308267.0,1534.0,4162.0,111.0,34.0
Tuesday,18,322,8,14480726126.0,34358875448.0,1550.0,4170.0,108.0,34.0
Tuesday,18,322,9,14512952020.0,34130033284.0,1555.0,4163.0,109.0,47.0
Tuesday,18,322,10,14457082270.0,34276251138.0,1509.0,4162.0,109.0,46.0
Tuesday,18,322,11,14463008356.0,34652225091.0,1510.0,4179.0,106.0,47.0
Tuesday,18,322,15,11462837750.0,24590181190.0,1393.0,3725.0,98.0,43.0
Tuesday,18,322,17,14406624968.0,29931537417.0,1421.0,3987.0,107.0,47.0
Tuesday,18,322,18,14390866077.0,29865222412.0,1407.0,3938.0,107.0,47.0
Tuesday,18,322,19,14493825872.0,29429625626.0,1427.0,3953.0,107.0,47.0
Tuesday,18,322,20,14455345208.0,28438193702.0,1459.0,3950.0,107.0,48.0
Tuesday,18,322,22,14664993568.0,27835311116.0,1493.0,3948.0,107.0,47.0
Tuesday,18,322,23,14616951046.0,27411289999.0,1503.0,3934.0,109.0,47.0
Wednesday,3,337,1,30858758121.0,26546711969.0,1761.0,3563.0,144.0,40.0
Wednesday,3,337,3,30778614231.0,26723675585.0,1734.0,3566.0,144.0,40.0
Wednesday,3,337,4,30952269914.0,27534219310.0,1752.0,3560.0,144.0,39.0
Wednesday,3,337,5,31310857118.0,27065362912.0,1738.0,3558.0,144.0,39.0
Wednesday,3,337,6,31732660650.0,26902536620.0,1764.0,3549.0,144.0,39.0
Wednesday,3,337,7,31745357436.0,26687857393.0,1780.0,3540.0,144.0,39.0
Wednesday,3,337,8,31700463814.0,27287847494.0,1798.0,3513.0,144.0,39.0
Wednesday,3,337,9,32029715502.0,27270676128.0,1809.0,3533.0,144.0,39.0
Wednesday,3,337,10,32013693106.0,27157889884.0,1820.0,3513.0,144.0,51.0
Wednesday,3,337,11,31816464755.0,27157290414.0,1823.0,3532.0,144.0,51.0
Wednesday,3,337,12,31809716890.0,26876382126.0,1827.0,3545.0,144.0,51.0
Wednesday,3,337,13,31737972371.0,26853027814.0,1796.0,3533.0,144.0,51.0
Wednesday,3,337,14,31728678970.0,26595628809.0,1806.0,3550.0,144.0,51.0
Wednesday,3,337,15,31843884995.0,26231178152.0,1837.0,3533.0,145.0,51.0
Wednesday,3,337,16,31674160489.0,25991204059.0,1825.0,3536.0,145.0,51.0
Wednesday,3,337,17,31705128585.0,26004570641.0,1828.0,3532.0,145.0,51.0
Wednesday,3,337,18,31617860097.0,25968920598.0,1765.0,3536.0,144.0,50.0
Wednesday,3,337,19,31716708555.0,25890271157.0,1807.0,3547.0,144.0,51.0
Wednesday,3,337,20,31343952773.0,26384084883.0,1750.0,3548.0,144.0,51.0
Wednesday,3,337,21,31363905831.0,26327585969.0,1788.0,3571.0,144.0,50.0
Wednesday,3,337,22,31419235527.0,26292038958.0,1778.0,3568.0,144.0,50.0
Wednesday,3,337,23,31487378941.0,26165250523.0,1787.0,3575.0,144.0,51.0
Wednesday,5,309,13,17507342282.0,27151234692.5,1507.0,3507.5,105.0,23.0
Wednesday,5,309,14,17479049096.0,26930522611.0,1503.0,3506.0,108.0,23.0
Wednesday,5,309,15,17597059034.0,26973787545.0,1527.0,3489.0,108.0,24.0
Wednesday,5,309,16,17560331009.0,26929996384.0,1564.0,3496.0,109.0,24.0
Wednesday,5,309,17,17545948827.0,26695537574.0,1561.0,3485.0,108.0,24.0
Wednesday,5,309,18,17322151162.0,27083151684.0,1588.0,3507.0,108.0,24.0
Wednesday,5,309,19,17406435472.0,27147021741.0,1588.0,3500.0,108.0,25.0
Wednesday,5,309,20,17102924105.0,25828122057.0,1612.0,3265.0,110.0,26.0
Wednesday,5,309,21,17069221212.0,26453746584.0,1613.0,3291.0,116.0,26.0
Wednesday,5,309,22,17086209711.0,27064260400.0,1600.0,3342.0,123.0,26.0
Wednesday,5,309,23,17480035483.0,26944630514.0,1595.0,3331.0,121.0,26.0
Wednesday,10,344,1,30766621396.0,18821338402.0,1947.0,3468.0,169.0,35.0
Wednesday,10,344,3,30679803794.0,18934064604.0,1934.0,3459.0,172.0,35.0
Wednesday,10,344,4,30669196166.0,18947959602.0,1963.0,3466.0,172.0,35.0
Wednesday,10,344,5,30651352896.0,18729981149.0,1957.0,3462.0,172.0,36.0
Wednesday,10,344,6,30652024183.0,18813150897.0,1967.0,3468.0,172.0,36.0
Wednesday,10,344,7,30785981750.0,18888879141.0,1977.0,3491.0,172.0,36.0
Wednesday,10,344,8,30729972303.0,18442873579.0,1987.0,3480.0,172.0,36.0
Wednesday,10,344,9,30589882401.0,18288847881.0,1973.0,3456.0,172.0,35.0
Wednesday,10,344,10,30559531368.0,18043694132.0,1965.0,3367.0,172.0,35.0
Wednesday,10,344,11,30496501154.0,18308889133.0,1939.0,3409.0,172.0,35.0
Wednesday,10,344,12,31503479648.0,17866748749.0,1983.0,3377.0,172.0,35.0
Wednesday,10,344,13,31610361454.0,17509241220.0,1990.0,3372.0,172.0,34.0
Wednesday,10,344,14,31300423483.0,17448297284.0,1999.0,3374.0,172.0,34.0
Wednesday,10,344,15,31146929427.0,17572182470.0,2008.0,3422.0,172.0,35.0
Wednesday,10,344,16,31040102183.0,17138433380.0,1834.0,3404.0,172.0,35.0
Wednesday,10,344,17,31074618637.0,18095070574.0,1765.0,3437.0,173.0,35.0
Wednesday,10,344,18,31026646701.0,16673181581.0,1787.0,3438.0,173.0,35.0
Wednesday,10,344,19,30985480768.0,16775564237.0,1786.0,3424.0,173.0,35.0
Wednesday,10,344,20,30962873236.0,16770939877.0,1793.0,3444.0,173.0,36.0
Wednesday,10,344,21,31137896264.0,16734034664.0,1809.0,3443.0,173.0,36.0
Wednesday,10,344,22,31163095754.0,16930330105.0,1786.0,3446.0,173.0,36.0
Wednesday,10,344,23,27068071484.0,16955987981.0,1816.0,3450.0,176.0,36.0
Wednesday,12,316,1,15698245155.0,24064497493.0,1535.0,3665.0,107.0,34.0
Wednesday,12,316,3,14963198368.0,24457834019.0,1527.0,3677.0,107.0,35.0
Wednesday,12,316,4,14634579744.0,24141836211.0,1487.0,3715.0,107.0,35.0
Wednesday,12,316,5,14632184937.0,24278168509.0,1484.0,3725.0,107.0,35.0
Wednesday,12,316,6,14539763022.0,24279990336.0,1495.0,3727.0,107.0,35.0
Wednesday,12,316,7,14513232154.0,24618559197.0,1512.0,3721.0,107.0,35.0
Wednesday,12,316,8,14495844455.0,24882739709.0,1496.0,3734.0,107.0,35.0
Wednesday,12,316,9,14503215002.0,24863554947.0,1501.0,3745.0,114.0,35.0
Wednesday,12,316,10,14531731224.0,24551005576.0,1518.0,3747.0,114.0,35.0
Wednesday,12,316,11,14528055505.0,24535339605.0,1522.0,3736.0,114.0,35.0
Wednesday,12,316,12,14792963284.0,24492188710.0,1509.0,3741.0,114.0,35.0
Wednesday,12,316,13,15034520010.0,25746951451.0,1529.0,3750.0,114.0,35.0
Wednesday,12,316,14,15057785706.0,25608185360.0,1543.0,3767.0,114.0,35.0
Wednesday,12,316,15,15179817651.0,25820580651.0,1380.0,3783.0,114.0,35.0
Wednesday,12,316,16,15186358388.0,25731871439.0,1394.0,3797.0,114.0,35.0
Wednesday,12,316,17,15435413724.0,25833836220.0,1450.0,3822.0,117.0,36.0
Wednesday,12,316,18,16483367294.0,25702600136.0,1475.0,3820.0,117.0,36.0
Wednesday,12,316,19,16420147899.0,25835396980.0,1460.0,3845.0,117.0,36.0
Wednesday,12,316,20,16436260192.0,25991013539.0,1468.0,3865.0,117.0,36.0
Wednesday,12,316,21,16269661563.0,26380170119.0,1474.0,3899.0,120.0,37.0
Wednesday,12,316,22,15541241792.0,27368845385.0,1509.0,3931.0,118.0,36.0
Wednesday,12,316,23,15578267568.0,27335298044.0,1540.0,3917.0,118.0,36.0
Wednesday,17,351,1,29082854198.0,23302266721.0,1843.0,3633.0,163.0,37.0
Wednesday,17,351,3,28997005758.0,23575944144.0,1829.0,3626.0,163.0,36.0
Wednesday,17,351,4,29008427260.0,23129903454.0,1797.0,3648.0,163.0,37.0
Wednesday,17,351,5,29058235044.0,23004810119.0,1795.0,3633.0,163.0,36.0
Wednesday,17,351,6,29079871940.0,22600803040.0,1802.0,3636.0,163.0,36.0
Wednesday,17,351,7,29021951665.0,22404347092.0,1807.0,3655.0,163.0,37.0
Wednesday,17,351,8,28659460989.0,22406872906.0,1816.0,3679.0,163.0,36.0
Wednesday,17,351,9,28646137707.0,22262998238.0,1827.0,3662.0,163.0,36.0
Wednesday,17,351,10,28669135593.0,22055020562.0,1857.0,3641.0,163.0,37.0
Wednesday,17,351,11,28639631329.0,22145703616.0,1878.0,3656.0,161.0,36.0
Wednesday,17,351,12,28611987323.0,21850323177.0,1878.0,3674.0,161.0,37.0
Wednesday,17,351,13,28660749067.0,21652565151.0,1909.0,3676.0,161.0,36.0
Wednesday,17,351,14,28560659180.0,21586478623.0,1894.0,3683.0,161.0,36.0
Wednesday,17,351,15,28542576485.0,21420953433.0,1900.0,3686.0,161.0,36.0
Wednesday,17,351,16,28641455544.0,21424653073.0,1905.0,3697.0,161.0,37.0
Wednesday,17,351,17,28615363772.0,21365536923.0,1936.0,3705.0,161.0,36.0
Wednesday,17,351,18,28641585741.0,23303385848.0,1900.0,3702.0,161.0,38.0
Wednesday,17,351,19,28735555994.0,23464732195.0,1896.0,3715.0,161.0,37.0
Wednesday,17,351,20,28634415286.0,23962822093.0,1910.0,3744.0,161.0,37.0
Wednesday,17,351,21,27253048567.0,23222690049.0,1864.0,3752.0,161.0,38.0
Wednesday,17,351,22,27784063013.0,24187589030.0,1874.0,3737.0,161.0,38.0
Wednesday,17,351,23,27771632290.0,24301391078.0,1870.0,3743.0,161.0,39.0
Wednesday,19,323,1,14664126444.0,26179808453.0,1515.0,3849.0,109.0,34.0
Wednesday,19,323,3,14590885327.0,25946026388.0,1465.0,3867.0,109.0,34.0
Wednesday,19,323,4,14243738186.0,25743829896.0,1453.0,3864.0,111.0,34.0
Wednesday,19,323,5,14626242002.0,25558017117.0,1432.0,3855.0,109.0,34.0
Wednesday,19,323,6,14593983710.0,25092034157.0,1434.0,3851.0,108.0,46.0
Wednesday,19,323,7,14589891494.0,25094599225.0,1439.0,3844.0,108.0,33.0
Wednesday,19,323,8,14451245532.0,24748727529.0,1404.0,3816.0,105.0,32.0
Wednesday,19,323,9,14507863292.0,24432347293.0,1442.0,3831.0,105.0,32.0
Wednesday,19,323,10,14483453971.0,24509933675.0,1416.0,3883.0,105.0,32.0
Wednesday,19,323,11,14567075494.0,24253804607.0,1411.0,3849.0,105.0,32.0
Wednesday,19,323,12,15046668856.0,24105970585.0,1412.0,3827.0,105.0,32.0
Wednesday,19,323,13,15072855868.0,23833514753.0,1459.0,3834.0,108.0,32.0
Wednesday,19,323,14,17765713644.0,23166956817.0,1467.0,3805.0,105.0,32.0
Wednesday,19,323,15,17747375934.0,22819728011.0,1506.0,3795.0,105.0,32.0
Wednesday,19,323,16,17916091054.0,22134513531.0,1485.0,3778.0,105.0,33.0
Wednesday,19,323,17,17943524702.0,22476053058.0,1515.0,3810.0,103.0,33.0
Wednesday,19,323,18,17884506737.0,23104283119.0,1516.0,3821.0,103.0,33.0
Wednesday,19,323,19,17854487624.0,23234685942.0,1507.0,3805.0,104.0,33.0
Wednesday,19,323,20,17928446403.0,22818937184.0,1541.0,3770.0,104.0,34.0
Wednesday,19,323,21,18110699858.0,22740538521.0,1548.0,3738.0,104.0,34.0
Wednesday,19,323,22,18159879518.0,22652801878.0,1562.0,3724.0,104.0,34.0
Wednesday,19,323,23,17843925064.0,22572536834.0,1566.0,3749.0,104.0,34.0
