timestamp,buyVolume,sellVolume,buyOrders,sellOrders,buyOutliers,sellOutliers,TotalVolume,NetVolume,VolumeRatio,BuyVolumeShare,SellVolumeShare,VolumeImbalance,OrderCountRatio,AvgBuyOrderSize,AvgSellOrderSize,OrderSizeRatio,LiquidityIndex,OrderFlowPressure,MarketDepthProxy,VolumeChange,VROC,VMomentum,VolumeVolatility,CoeffVariation
2025-11-05T13:21:21.779982+00:00,17511415688,27183363462,1511,3514,105,23,44694779150,-9671947774,0.6441960617743073,0.3918000272298023,0.6081999727701977,-0.2163999455403954,0.42999430848036424,11589289.00595632,7735732.345475242,1.498150205873538,8894483.412935324,-0.39860696517412936,8894483.412935324,,,,,
2025-11-05T13:37:49.756811+00:00,17503268876,27119105923,1503,3501,105,23,44622374799,-9615837047,0.6454220476772906,0.39225319035221434,0.6077468096477856,-0.2154936192955713,0.42930591259640105,11645554.807717897,7746102.80576978,1.5034082427932098,8917341.086930456,-0.39928057553956836,8917341.086930456,-72404351.0,-0.0016199733476029493,,,
2025-11-05T14:24:01.811543+00:00,17479049096,26930522611,1503,3506,108,23,44409571707,-9451473515,0.6490423282339324,0.393587427758167,0.606412572241833,-0.212825144483666,0.4286936679977182,11629440.516300732,7681267.145179692,1.5140002679894657,8865955.621281693,-0.39988021561189857,8865955.621281693,-212803092.0,-0.004768977289052061,,,
2025-11-05T15:24:59.912638+00:00,17597059034,26973787545,1527,3489,108,24,44570846579,-9376728511,0.6523762747312764,0.3948109669133148,0.6051890330866851,-0.21037806617337035,0.4376612209802236,11523941.73804846,7731094.165950129,1.4905964784135055,8885734.963915471,-0.3911483253588517,8885734.963915471,161274872.0,0.0036315340545060755,-123932571.0,,
2025-11-05T16:30:46.391726+00:00,17560331009,26929996384,1564,3496,109,24,44490327393,-9369665375,0.6520732776419225,0.39469997273526247,0.6053000272647375,-0.2106000545294751,0.4473684210526316,11227833.12595908,7703088.2105263155,1.4575755617878268,8792554.820750989,-0.38181818181818183,8792554.820750989,-80519186.0,-0.001806543787703988,-132047406.0,,
2025-11-05T17:23:58.606269+00:00,17545948827,26695537574,1561,3485,108,24,44241486401,-9149588747,0.6572614909275624,0.3965949215169996,0.6034050784830004,-0.2068101569660008,0.4479196556671449,11240197.839205638,7660125.559253945,1.4673646994763323,8767635.037851764,-0.3812921125644074,8767635.037851764,-248840992.0,-0.00559314814210947,-168085306.0,,
2025-11-05T18:33:09.291534+00:00,17322151162,27083151684,1588,3507,108,24,44405302846,-9761000522,0.639591409600732,0.39009194965011634,0.6099080503498836,-0.21981610069976731,0.45280866837753064,10908155.643576827,7722598.142001711,1.412498157096831,8715466.701864572,-0.37664376840039254,8715466.701864572,163816445.0,0.003702778959892659,-165543733.0,,
2025-11-05T19:20:31.664098+00:00,17406435472,27147021741,1588,3500,108,25,44553457213,-9740586269,0.6411913482837477,0.3906865271708045,0.6093134728291955,-0.218626945658391,0.45371428571428574,10961231.405541562,7756291.926,1.4132051127160685,8756575.7101022,-0.3757861635220126,8756575.7101022,148154367.0,0.0033364115883593314,63129820.0,,
2025-11-05T20:26:09.885499+00:00,17102924105,25828122057,1612,3265,110,26,42931046162,-8725197952,0.6621822549566558,0.3983812563165183,0.6016187436834818,-0.20323748736696345,0.49372128637059726,10609754.407568239,7910603.999081164,1.3412066144128296,8802757.055977035,-0.33893787164240313,8802757.055977035,-1622411051.0,-0.0364149305685442,-1310440239.0,,
2025-11-05T21:23:51.320804+00:00,17069221212,26453746584,1613,3291,116,26,43522967796,-9384525372,0.645247778336395,0.392188816075377,0.607811183924623,-0.21562236784924602,0.49012458219386207,10582282.214507129,8038209.232452142,1.3164974820242257,8874993.433115823,-0.3421696574225122,8874993.433115823,591921634.0,0.013787729089256011,-882335050.0,568312574.1885744,0.012844900995182916
2025-11-05T22:22:23.354036+00:00,17086209711,27064260400,1600,3342,123,26,44150470111,-9978050689,0.6313200308625467,0.386999496676775,0.613000503323225,-0.22600100664644993,0.47875523638539796,10678881.069375,8098222.740873728,1.3186697144641446,8933725.234925132,-0.3524888709024686,8933725.234925132,627502315.0,0.014417728081899573,-402987102.0,545992119.3375112,0.012355618342413308
2025-11-05T23:22:18.494996+00:00,17480035483,26944630514,1595,3331,121,26,44424665997,-9464595031,0.6487391049551655,0.3934759010721753,0.6065240989278248,-0.2130481978556495,0.47883518462924046,10959269.895297805,8089051.49024317,1.3548275602543298,9018405.60231425,-0.3524157531465692,9018405.60231425,274195886.0,0.006210486214770444,1493619835.0,531987140.69051,0.01204407899972118
2025-11-06T00:19:15.631877+00:00,17085636359,26855066396,1611,3347,121,26,43940702755,-9769430037,0.636216500345159,0.38883393500245805,0.6111660649975419,-0.22233212999508387,0.48132656109949207,10605609.16139044,8023623.06423663,1.3217980302018912,8862586.275716014,-0.3501411859620815,8862586.275716014,-483963242.0,-0.010894020948467729,417734959.0,529182284.3046706,0.011993308642953778
2025-11-06T00:57:11.745104+00:00,17073549486,26875944551,1611,3340,121,26,43949494037,-9802395065,0.6352725372535689,0.388481138636686,0.611518861363314,-0.22303772272662808,0.48233532934131734,10598106.446927374,8046689.985329341,1.3170765204388084,8876892.35245405,-0.34922237931730965,8876892.35245405,8791282.0,0.00020007149291665898,-200976074.0,506775547.5908865,0.011501682639671773
2025-11-06T01:29:21.696785+00:00,17039262651,26883758716,1613,3367,121,26,43923021367,-9844496065,0.6338125122681971,0.38793466662113196,0.612065333378868,-0.2241306667577361,0.47906147906147906,10563709.021078736,7984484.323136323,1.3230295900849471,8819883.808634538,-0.3522088353413655,8819883.808634538,-26472670.0,-0.0006023429980266282,-501644630.0,484643807.87103903,0.011013565316122085
2025-11-06T03:20:04.338736+00:00,16928588927,26910759424,1568,3367,121,26,43839348351,-9982170497,0.6290639613797916,0.3861505602560776,0.6138494397439225,-0.22769887948784487,0.4656964656964657,10796293.958545918,7992503.541431542,1.350802524212856,8883353.262613982,-0.3645390070921986,8883353.262613982,-83673016.0,-0.001904992265920594,-101354404.0,479428566.24293697,0.010905014249654042
2025-11-06T04:30:24.223245+00:00,17002721010,26500529036,1558,3363,121,26,43503250046,-9497808026,0.6415993049384948,0.390837948705475,0.609162051294525,-0.21832410258905005,0.4632768361581921,10913171.379974326,7880026.475170978,1.3849155728550437,8840327.17862223,-0.3667953667953668,8840327.17862223,-336098305.0,-0.007666589893376766,-446243991.0,471984478.7913646,0.010757764835497237
2025-11-06T05:25:31.431582+00:00,16903603020,26474881628,1570,3341,121,25,43378484648,-9571278608,0.6384770008611726,0.38967712120804465,0.6103228787919553,-0.2206457575839107,0.46991918587249326,10766626.127388535,7924238.739299611,1.3586953247625335,8832922.958256975,-0.36061901852983097,8832922.958256975,-124765398.0,-0.0028679557933734613,-544536719.0,428222560.3549719,0.009786524882553221
2025-11-06T06:34:35.872032+00:00,16719704932,25994168434,1541,3350,121,25,42713873366,-9274463502,0.6432098404860248,0.3914349979158947,0.6085650020841054,-0.2171300041682106,0.46,10849905.861129137,7759453.263880597,1.3982822619261406,8733157.506849315,-0.3698630136986301,8733157.506849315,-664611282.0,-0.01532121943385227,-1125474985.0,477410100.8209508,0.01091606638306704
2025-11-06T07:23:05.754622+00:00,16736637436,25969760922,1550,3368,121,26,42706398358,-9233123486,0.6444663655652578,0.39189999811503184,0.6081000018849682,-0.21620000376993626,0.46021377672209024,10797830.603870967,7710736.615795724,1.4003630446605086,8683692.224074828,-0.36966246441642947,8683692.224074828,-7475008.0,-0.00017500187669587615,-796851688.0,577067392.5690918,0.013219429986642717
2025-11-06T08:30:41.763468+00:00,16711500803,25723871068,1548,3365,122,26,42435371871,-9012370265,0.6496495320950658,0.3938106364143944,0.6061893635856056,-0.21237872717121123,0.4600297176820208,10795543.154392764,7644538.20742942,1.4121903588500622,8637364.516792184,-0.36983513128434764,8637364.516792184,-271026487.0,-0.0063462735660365,-943112777.0,661475348.128724,0.015212813270413891
2025-11-06T09:25:52.035897+00:00,16866828977,24749698904,1565,3344,122,26,41616527881,-7882869927,0.6814963302149109,0.4052915953303385,0.5947084046696616,-0.1894168093393231,0.4680023923444976,10777526.502875399,7401225.748803828,1.4561812959991447,8477597.857201058,-0.362395599918517,8477597.857201058,-818843990.0,-0.019296260499123648,-1097345485.0,798451492.7740424,0.0184823965210697
2025-11-06T10:27:55.081400+00:00,16613375526,24841004825,1512,3354,122,26,41454380351,-8227629299,0.6687883860994339,0.4007628478663109,0.5992371521336891,-0.19847430426737825,0.45080500894454384,10987682.226190476,7406381.879844962,1.4835424913872362,8519190.37217427,-0.3785450061652281,8519190.37217427,-162147530.0,-0.0038962291727856605,-1252018007.0,920223957.567127,0.021424465347570115
2025-11-06T12:32:13.095682+00:00,17203623754,24517121067,1519,3377,122,25,41720744821,-7313497313,0.701698364460746,0.4123517887279091,0.5876482112720909,-0.1752964225441818,0.44980752146875924,11325624.591178406,7260029.928042642,1.559996956408123,8521393.958537582,-0.37949346405228757,8521393.958537582,266364470.0,0.006425484297308391,-714627050.0,921691610.8384459,0.021570563052567084
2025-11-06T12:43:17.331980+00:00,17203260600,24517121127,1518,3378,122,25,41720381727,-7313860527,0.7016835504823828,0.4123466729660012,0.5876533270339989,-0.17530665406799767,0.4493783303730018,11332846.245059289,7257880.736234458,1.561453908780955,8521319.797181373,-0.3799019607843137,8521319.797181373,-363094.0,-8.702960638833989e-06,103853846.0,866199726.3189737,0.02037691430433145
2025-11-06T13:36:35.720244+00:00,17270788348,24697935359,1525,3385,122,25,41968723707,-7427147011,0.6992806522876607,0.4115156912698632,0.5884843087301368,-0.17696861746027362,0.4505169867060561,11325107.113442622,7296288.141506647,1.5521737757335945,8547601.569653768,-0.3788187372708758,8547601.569653768,248341980.0,0.0059525337429806304,514343356.0,739699818.328481,0.017477980125411963
2025-11-06T14:24:48.551143+00:00,17135329105,25366779731,1519,3410,122,26,42502108836,-8231450626,0.675502735731939,0.4031642093600327,0.5968357906399673,-0.19367158127993458,0.44545454545454544,11280664.321922317,7438938.337536657,1.516434712867618,8622866.471089471,-0.3836477987421384,8622866.471089471,533385129.0,0.012709110067863136,781364015.0,620115443.5931871,0.014687126527483711
2025-11-06T15:27:38.782493+00:00,17444202190,25237063585,1529,3413,122,26,42681265775,-7792861395,0.6912136244078809,0.4087086423809323,0.5912913576190677,-0.1825827152381354,0.4479929680632874,11408896.13472858,7394393.080867272,1.5429117724683439,8636435.810400648,-0.3812221772561716,8636435.810400648,179156939.0,0.004215248229006723,960884048.0,503909870.2664346,0.011954596157262644
2025-11-06T16:30:22.219882+00:00,17379524555,25889297949,1563,3418,124,26,43268822504,-8509773394,0.671301500304735,0.40166391293392245,0.5983360870660775,-0.19667217413215513,0.457284961966062,11119337.527191298,7574399.633996489,1.468015692924878,8686774.242923107,-0.37241517767516563,8686774.242923107,587556729.0,0.013766150518997817,1300098797.0,594992546.3974603,0.014096853234365356
2025-11-06T17:24:41.432408+00:00,17333275403,25695668476,1570,3466,124,27,43028943879,-8362393073,0.6745602053197972,0.4028282788381286,0.5971717211618713,-0.19434344232374276,0.4529717253317946,11040302.8044586,7413637.759953837,1.4891883258843424,8544270.031572677,-0.3764892772041303,8544270.031572677,-239878625.0,-0.00554391386495032,526835043.0,632598676.7324787,0.014976391175721157
2025-11-06T18:33:00.153353+00:00,17335833342,25698476282,1553,3465,124,27,43034309624,-8362642940,0.6745860397233959,0.40283749160767063,0.5971625083923293,-0.19432501678465872,0.4481962481962482,11162803.182227947,7416587.6715728715,1.505113089273385,8575988.366679952,-0.3810282981267437,8575988.366679952,5365745.0,0.00012470082963432242,353043849.0,679774602.9953704,0.016070465606149924
2025-11-06T19:20:45.619419+00:00,17308229599,25723066300,1548,3469,121,27,43031295899,-8414836701,0.6728680553531053,0.4022242239607342,0.5977757760392658,-0.19555155207853156,0.4462381089651196,11181026.872739019,7415124.329778034,1.5078677545348338,8577097.049830576,-0.38289814630257124,8577097.049830576,-3013725.0,-7.003075049493212e-05,-237526605.0,668947510.4194171,0.01576178625147924
2025-11-06T20:27:20.742930+00:00,17294393585,25491436525,1559,3481,119,27,42785830110,-8197042940,0.6784393483685792,0.4042084386474932,0.5957915613525069,-0.1915831227050137,0.44785981039931055,11093260.798588838,7323021.121804079,1.5148475764406826,8489252.00595238,-0.3813492063492063,8489252.00595238,-245465789.0,-0.005704355025145881,-243113769.0,576904611.2300115,0.013550554861423479
2025-11-06T21:23:26.462142+00:00,17295400370,25928459492,1577,3467,119,26,43223859862,-8633059122,0.667043114356113,0.4001354905651346,0.5998645094348655,-0.19972901886973085,0.4548601096048457,10967279.879518073,7478644.214594751,1.4664796940219682,8569361.590404442,-0.3747026169706582,8569361.590404442,438029752.0,0.010237729427566317,189550238.0,523129339.71745193,0.012244231674434475
2025-11-06T22:22:44.868873+00:00,17311786495,25530152047,1574,3449,119,26,42841938542,-8218365552,0.6780917897836913,0.40408504106387316,0.5959149589361269,-0.1918299178722537,0.4563641635256596,10998593.70711563,7402189.6338069,1.4858567871435524,8529153.601831574,-0.3732828986661358,8529153.601831574,-381921320.0,-0.008835891130948346,-189357357.0,386236331.1093732,0.009016479842808959
2025-11-06T23:23:07.984225+00:00,17291210095,25425897922,1597,3439,119,26,42717108017,-8134687827,0.6800629086156527,0.4047841929776395,0.5952158070223604,-0.19043161404472098,0.4643791799941844,10827307.510958046,7393398.639720849,1.464456069335773,8482348.692811755,-0.3657664813343924,8482348.692811755,-124830525.0,-0.0029137459519396553,-68722093.0,246644873.37688354,0.0057477505035467185
2025-11-07T01:27:38.804122+00:00,17076232074,26238204149,1557,3466,119,26,43314436223,-9161972075,0.6508155808617266,0.39423881650184117,0.6057611834981588,-0.21152236699631763,0.4492210040392383,10967393.753371868,7570168.536930179,1.4487648062085705,8623220.430619152,-0.3800517618952817,8623220.430619152,597328206.0,0.013983348445833063,90576361.0,230022622.00854295,0.005350261518923528
2025-11-07T03:16:11.904155+00:00,17169153450,26087369501,1541,3463,119,26,43256522951,-8918216051,0.6581404633127866,0.3969147836835805,0.6030852163164195,-0.20617043263283902,0.44498989315622295,11141566.15833874,7533170.517181634,1.4790009243687088,8644389.07893685,-0.3840927258193445,8644389.07893685,-57913272.0,-0.0013370431904466992,414584409.0,214895222.30621138,0.004991723369097789
2025-11-07T04:26:01.946090+00:00,17348064040,25957318539,1528,3453,119,26,43305382579,-8609254499,0.6683303598534308,0.4005983322824301,0.59940166771757,-0.1988033354351399,0.4425137561540689,11353445.052356021,7517323.6429192005,1.5103041443546443,8694114.14956836,-0.38646858060630396,8694114.14956836,48859628.0,0.0011295320258483807,588274562.0,219291913.0606351,0.005093419953913475
2025-11-07T05:24:19.558338+00:00,17292544650,25891425502,1538,3447,119,26,43183970152,-8598880852,0.6678869283834614,0.4004389728210092,0.5995610271789908,-0.19912205435798164,0.44618508848273863,11243527.080624187,7511292.573832318,1.4968831223262622,8662782.377532598,-0.38294884653961886,8662782.377532598,-121412427.0,-0.002803633630958298,-130466071.0,222778701.49889567,0.005172543922964576
2025-11-07T06:34:53.508608+00:00,17201806975,26616732524,1536,3492,119,27,43818539499,-9414925549,0.6462779366133439,0.3925691538713327,0.6074308461286673,-0.21486169225733462,0.43986254295532645,11199093.082682291,7622202.899198167,1.4692724965193988,8714904.4349642,-0.38902147971360385,8714904.4349642,634569347.0,0.014694557836308872,562016548.0,324045192.7546743,0.007510105474346737
2025-11-07T08:31:53.101168+00:00,17193521530,26620981630,1524,3500,119,28,43814503160,-9427460100,0.6458635436126853,0.3924162158638067,0.6075837841361933,-0.21516756827238664,0.43542857142857144,11281838.274278216,7605994.7514285715,1.4832824164333325,8721039.641719745,-0.39331210191082805,8721039.641719745,-4036339.0,-9.21148684129948e-05,509120581.0,382170362.55245924,0.008841172298601315
2025-11-07T09:24:03.910982+00:00,17173275177,26417786249,1531,3521,119,29,43591061426,-9244511072,0.650064884889818,0.39396322583594984,0.6060367741640501,-0.2120735483281003,0.43481965350752627,11217031.46766819,7502921.399886396,1.4950218547988563,8628476.13341251,-0.3939034045922407,8628476.13341251,-223441734.0,-0.005099720820387821,407091274.0,363445162.6906931,0.008392347884095664
2025-11-07T10:27:04.760032+00:00,17146276805,26120846498,1537,3527,119,29,43267123303,-8974569693,0.6564211770974896,0.3962888099799122,0.6037111900200878,-0.20742238004017552,0.4357811170966827,11155677.817176318,7405967.252055571,1.5063093634501274,8544060.68384676,-0.3929699842022117,8544060.68384676,-323938123.0,-0.007431296977017088,-551416196.0,362605592.40284723,0.008372124908689133
2025-11-07T11:21:03.433295+00:00,17127264902,26083382503,1541,3552,119,29,43210647405,-8956117601,0.6566351162480593,0.3963667737136974,0.6036332262863027,-0.20726645257260523,0.4338400900900901,11114383.453601558,7343294.623592342,1.5135418124030542,8484321.108384056,-0.3948556842725309,8484321.108384056,-56475898.0,-0.0013052843288077843,-603855755.0,326557721.35482275,0.007533409907606428
2025-11-07T12:43:42.809889+00:00,17115337413,25764727303,1556,3557,120,29,42880064716,-8649389890,0.6642933655659969,0.39914439323627443,0.6008556067637256,-0.20171121352745114,0.43744728703964014,10999574.172879178,7243386.928029238,1.5185678029037604,8386478.528456874,-0.39135536866810094,8386478.528456874,-330582689.0,-0.007650491461087147,-710996710.0,294026782.9438458,0.006780399787730491
2025-11-07T13:33:50.004356+00:00,17115228656,25642183474,1590,3532,120,29,42757412130,-8526954818,0.66746377793272,0.4002868228779308,0.5997131771220692,-0.1994263542441384,0.45016987542468856,10764294.752201257,7259961.345979615,1.482693121797715,8347796.198750488,-0.37914877001171415,8347796.198750488,-122652586.0,-0.002860363826695303,-509711173.0,351628157.79447544,0.008119144584302592
2025-11-07T14:25:03.993069+00:00,17161128165,25610074694,1598,3525,120,29,42771202859,-8448946529,0.6700928587693873,0.4012308987795727,0.5987691012204273,-0.19753820244085457,0.4533333333333333,10739129.01439299,7265269.416737589,1.4781460119912952,8348858.649033769,-0.3761467889908257,8348858.649033769,13790729.0,0.00032253423004344954,-439444546.0,390901573.5463778,0.009036099338307327
2025-11-07T15:24:25.709052+00:00,17226622307,25640299876,1632,3502,120,29,42866922183,-8413677569,0.6718572867833178,0.4018628217220519,0.5981371782779481,-0.19627435655589623,0.46601941747572817,10555528.374387255,7321616.183894917,1.441693761222536,8349614.7610050645,-0.36423841059602646,8349614.7610050645,95719324.0,0.002237938556826408,-13142533.0,409397126.73124474,0.009473245004417248
2025-11-07T16:24:40.200268+00:00,17190337016,25510035977,1611,3495,120,29,42700372993,-8319698961,0.6738656516007625,0.40258048843784255,0.5974195115621574,-0.19483902312431495,0.4609442060085837,10670600.258224705,7299008.86323319,1.4619245514243733,8362783.586564826,-0.3689776733254994,8362783.586564826,-166549190.0,-0.0038852612111734356,-57039137.0,440965189.0031765,0.010215145144375376
2025-11-07T17:21:32.553066+00:00,17176821703,25383921015,1592,3530,120,32,42560742718,-8207099312,0.6766811830548078,0.4035836925311807,0.5964163074688194,-0.1928326149376386,0.4509915014164306,10789460.868718592,7190912.468838527,1.5004300101654973,8309399.203045685,-0.37836782506833266,8309399.203045685,-139630275.0,-0.0032700012953725253,-210460141.0,413234697.7932875,0.009600730612242533
2025-11-07T18:30:58.685452+00:00,17035113449,25323928597,1580,3547,120,32,42359042046,-8288815148,0.6726884173499867,0.4021600259633029,0.5978399740366971,-0.19567994807339417,0.4454468564984494,10781717.37278481,7139534.422610657,1.5101429217344322,8261954.758338209,-0.38365515896235614,8261954.758338209,-201700672.0,-0.00473912481594678,-507880137.0,364343452.91969955,0.00849355540998608
2025-11-07T19:20:34.154820+00:00,16974641152,25709975814,1558,3568,117,31,42684616966,-8735334662,0.6602355939501391,0.397675845739016,0.6023241542609841,-0.20464830852196805,0.4366591928251121,10895148.364569962,7205710.710201793,1.5120157889692531,8327080.953179867,-0.39211861100273115,8327080.953179867,325574920.0,0.0076860784445134615,-15756027.0,273852362.6862789,0.006397550529091951
2025-11-07T20:24:15.121774+00:00,16911882925,25471161545,1579,3601,117,31,42383044470,-8559278620,0.6639619828534993,0.399024731150938,0.6009752688490619,-0.201950537698124,0.4384893085254096,10710502.169094363,7073357.829769509,1.5142033567165616,8182054.916988417,-0.39034749034749033,8182054.916988417,-301572496.0,-0.007065133001901236,-177698248.0,250050129.91188332,0.0058535886974159426
2025-11-07T21:18:27.630880+00:00,16897908629,25927474022,1576,3624,117,31,42825382651,-9029565393,0.6517375589562552,0.39457694439550844,0.6054230556044915,-0.21084611120898306,0.434878587196468,10722023.241751269,7154380.248896247,1.4986655543511858,8235650.509807692,-0.39384615384615385,8235650.509807692,442338181.0,0.010436677839721974,466340605.0,187455251.4243906,0.004392225142393901
2025-11-07T22:23:27.961694+00:00,16908890251,26083818707,1565,3558,117,31,42992708958,-9174928456,0.6482520999297635,0.393296692876889,0.606703307123111,-0.213406614246222,0.4398538504777965,10804402.71629393,7331033.925519955,1.4737897581789767,8392096.224477844,-0.389029865313293,8392096.224477844,167326307.0,0.003907175993349655,308091992.0,203578980.00622088,0.004768758245547568
2025-11-07T23:22:06.569184+00:00,16645564268,25949194634,1579,3553,117,31,42594758902,-9303630366,0.6414674714486169,0.3907890242153342,0.6092109757846658,-0.2184219515693316,0.44441317196735153,10541839.308423053,7303460.352941177,1.4434033730569578,8299836.107170694,-0.3846453624318005,8299836.107170694,-397950056.0,-0.009256221941928836,211714432.0,204104433.41355667,0.0047828891098368985
2025-11-08T01:23:27.976607+00:00,17644359032,25421663745,1623,3544,119,31,43066022777,-7777304713,0.694067831633181,0.4097048646299238,0.5902951353700762,-0.1805902707401524,0.4579571106094808,10871447.339494763,7173155.684255079,1.5155738726481782,8334821.516740856,-0.3717824656473776,8334821.516740856,471263875.0,0.011063893473003605,240640126.0,238173659.26585096,0.005577398384744291
2025-11-08T03:06:35.197168+00:00,17456418727,24770141793,1592,3499,119,31,42226560520,-7313723066,0.7047363262140531,0.41339901976463417,0.5866009802353659,-0.1732019604707317,0.4549871391826236,10965087.140075376,7079205.999714204,1.5489148275269924,8294354.845806325,-0.37458259673934396,8294354.845806325,-839462257.0,-0.019492449101854985,-766148438.0,272869719.87908334,0.0063994849345902615
2025-11-08T04:26:02.897030+00:00,17561985783,24875270663,1562,3465,119,31,42437256446,-7313284880,0.7060017967612335,0.41383414607273317,0.5861658539272668,-0.17233170785453372,0.4507936507936508,11243268.747119078,7179010.292352092,1.566130746336539,8441865.217028048,-0.3785557986870897,8441865.217028048,210695926.0,0.004989653985675838,-157502456.0,278947013.18836063,0.006546052234408736
2025-11-08T05:23:44.518226+00:00,17566156300,24889292622,1560,3474,119,31,42455448922,-7323136322,0.7057716170074285,0.41375504784492784,0.5862449521550721,-0.17248990431014433,0.44905008635578586,11260356.602564102,7164448.077720207,1.571699100951158,8433740.350019865,-0.3802145411203814,8433740.350019865,18192476.0,0.00042869114366875537,-610573855.0,283095711.997359,0.006645051735272155
2025-11-08T06:30:36.007259+00:00,17577716718,24865417111,1582,3462,119,30,42443133829,-7287700393,0.7069142109916163,0.4141474752740742,0.5858525247259257,-0.17170504945185158,0.4569612940496823,11111072.514538558,7182385.069612941,1.5469892531308314,8414578.47521808,-0.37272006344171293,8414578.47521808,-12315093.0,-0.00029007096409757756,216573309.0,276226546.292875,0.006482533548733228
2025-11-08T07:22:43.678185+00:00,17564109715,24483561984,1599,3442,119,30,42047671699,-6919452269,0.7173837583958633,0.41771896053444785,0.5822810394655522,-0.16456207893110433,0.4645554909936084,10984433.843026891,7113178.961069146,1.5442369583480684,8341137.016266614,-0.3656020630827217,8341137.016266614,-395462130.0,-0.009317458310059888,-389584747.0,326245237.18086696,0.0076678429011092075
2025-11-08T08:26:48.069492+00:00,17529484324,24428088901,1619,3462,121,30,41957573225,-6898604577,0.7175954040056898,0.41779071039206894,0.5822092896079311,-0.16441857921586217,0.46764875794338534,10827352.886967264,7056062.651935297,1.5344751628583682,8257739.268844715,-0.3627238732532966,8257739.268844715,-90098474.0,-0.0021427696316926575,-497875697.0,374244838.09304506,0.008804797176471849
2025-11-08T09:22:13.566649+00:00,17530281824,24824194221,1631,3465,121,31,42354476045,-7293912397,0.7061772747963064,0.41389443244144375,0.5861055675585563,-0.1722111351171125,0.4707070707070707,10748180.14960147,7164269.616450217,1.5002478584728398,8311317.90521978,-0.3598901098901099,8311317.90521978,396902820.0,0.009459622887901186,-88657784.0,358707859.82714444,0.00844862140595857
2025-11-08T10:22:22.726067+00:00,17514066647,24682594273,1631,3467,121,31,42196660920,-7168527626,0.7095715488123723,0.41505811751798677,0.5849418824820132,-0.16988376496402643,0.47043553504470725,10738238.287553648,7119294.569656764,1.5083289759242762,8277101.004315418,-0.3601412318556297,8277101.004315418,-157815125.0,-0.00372605541932162,148989221.0,312046726.5334774,0.007363420834043852
2025-11-08T11:19:37.986665+00:00,17480474635,25660890387,1563,3485,121,33,43141365022,-8180415752,0.681210759695842,0.4051905781396997,0.5948094218603003,-0.18961884372060053,0.448493543758967,11183924.910428664,7363239.709325681,1.518886434766481,8546229.204041205,-0.3807448494453249,8546229.204041205,944704102.0,0.022388124590972967,1183791797.0,391899943.04886484,0.009235818370533121
2025-11-08T12:39:15.462678+00:00,17471262233,25667932609,1510,3429,121,32,43139194842,-8196670376,0.680664956509743,0.4049974112170983,0.5950025887829017,-0.1900051775658034,0.44036162146398367,11570372.3397351,7485544.651210265,1.5456954542198074,8734398.631706823,-0.3885401903219275,8734398.631706823,-2170180.0,-5.030392522103354e-05,784718797.0,405487916.01690215,0.009554395504300407
2025-11-08T13:27:52.744151+00:00,17596181930,25402306396,1495,3421,121,32,42998488326,-7806124466,0.6927001688622574,0.4092279197489851,0.5907720802510149,-0.18154416050202984,0.4370067231803566,11770021.357859531,7425403.798889213,1.5851018579784497,8746641.237998372,-0.3917819365337673,8746641.237998372,-140706516.0,-0.0032616861885194294,801827406.0,432903795.15458596,0.010181868494824527
2025-11-08T14:21:45.716167+00:00,17547793328,25444035366,1479,3430,121,32,42991828694,-7896242038,0.6896623540874542,0.4081657808254385,0.5918342191745616,-0.18366843834912308,0.4311953352769679,11864633.757944558,7418086.112536443,1.5994197934550156,8757756.914646568,-0.39743328580158893,8757756.914646568,-6659632.0,-0.0001548806076508765,-149536328.0,456418265.5440647,0.010720943410674647
2025-11-08T15:22:59.215958+00:00,17659853444,25467526052,1512,3420,121,32,43127379496,-7807672608,0.6934263425486178,0.40948125414478115,0.5905187458552188,-0.18103749171043768,0.4421052631578947,11679797.251322752,7446645.044444445,1.5684643462409213,8744399.735604217,-0.38686131386861317,8744399.735604217,135550802.0,0.0031529433875632663,-11815346.0,485773934.5681107,0.01139250639556494
2025-11-08T16:26:41.510223+00:00,17623589861,25312289922,1522,3447,121,33,42935879783,-7688700061,0.6962463655128484,0.4104629962183253,0.5895370037816746,-0.17907400756334935,0.44154337104728747,11579231.183311433,7343281.091383812,1.5768470577679292,8640748.597907024,-0.38740189172871803,8640748.597907024,-191499713.0,-0.00444032805233996,-62608543.0,488593798.1910621,0.011445412290266565
2025-11-08T17:21:05.298431+00:00,17506567222,25446786089,1521,3469,121,32,42953353311,-7940218867,0.6879677127308287,0.4075716066972753,0.5924283933027247,-0.18485678660544938,0.43845488613433264,11509906.12886259,7335481.720668781,1.5690729753210024,8607886.43507014,-0.39038076152304607,8607886.43507014,17473528.0,0.0004069679738324229,-38475383.0,437794475.3451273,0.010233715860238593
2025-11-08T18:28:54.107472+00:00,17473653556,25039927258,1492,3457,123,32,42513580814,-7566273702,0.6978316420794453,0.41101345079466495,0.5889865492053351,-0.17797309841067013,0.43158808215215505,11711564.045576407,7243253.473531964,1.6168927524588752,8590337.606385129,-0.3970499090725399,8590337.606385129,-439772497.0,-0.010238374029051136,-613798682.0,347862930.45221436,0.00812095571266087
2025-11-08T19:19:02.213140+00:00,16808614860,25401686279,1514,3546,102,32,42210301139,-8593071419,0.6617125601577075,0.3982112045267965,0.6017887954732035,-0.203577590946407,0.4269599548787366,11102123.421400264,7163476.1080090245,1.5498234731302711,8341956.746837945,-0.4015810276679842,8341956.746837945,-303279675.0,-0.0071337127852596225,-725578644.0,372142142.31748486,0.008690685699606824
2025-11-08T20:24:39.480116+00:00,16872879836,25216332910,1540,3551,100,32,42089212746,-8343453074,0.6691250427340587,0.4008837118865697,0.5991162881134303,-0.19823257622686066,0.43368065333708816,10956415.477922078,7101192.033230076,1.5428980693173004,8267376.300530348,-0.3950108033785111,8267376.300530348,-121088393.0,-0.0028686929430153003,-864140565.0,393124869.8915832,0.009183002416383465
2025-11-08T21:20:13.247869+00:00,16757049382,25684591006,1538,3597,100,32,42441640388,-8927541624,0.6524164382483452,0.3948256765951466,0.6051743234048534,-0.2103486468097068,0.4275785376702808,10895350.703511054,7140559.078676675,1.5258400054481778,8265168.527361247,-0.40097370983446934,8265168.527361247,352427642.0,0.008373348395153659,-71940426.0,389861911.6784659,0.009121692270319155
2025-11-08T22:20:26.963113+00:00,16655979054,25524240608,1519,3600,100,32,42180219662,-8868261554,0.6525553222053375,0.39487653661996713,0.6051234633800329,-0.21024692676006576,0.42194444444444446,10965094.83475971,7090066.835555555,1.5465432257664353,8239933.514748975,-0.4065247118577847,8239933.514748975,-261420726.0,-0.006159533976776129,-30081477.0,398626783.436747,0.009347739939662286
2025-11-08T23:20:36.493493+00:00,16673320970,24813702420,1541,3612,100,32,41487023390,-8140381450,0.6719400711665341,0.40189243786573814,0.5981075621342619,-0.19621512426852372,0.4266334440753045,10819805.950681375,6869795.797342192,1.5749821784902798,8051042.769260624,-0.4019018047739181,8051042.769260624,-693196272.0,-0.016434155098165548,-602189356.0,518028283.04493046,0.012190896658995257
2025-11-09T01:33:59.712850+00:00,16380197477,24304710952,1498,3596,100,33,40684908429,-7924513475,0.6739515441821001,0.4026111427923057,0.5973888572076943,-0.19477771441538863,0.41657397107897665,10934711.26635514,6758818.395995551,1.6178436267548943,7986829.295053003,-0.41185708676874755,7986829.295053003,-802114961.0,-0.019334116922771115,-1756731959.0,738132040.7059635,0.01746547558705459
2025-11-09T03:17:41.510489+00:00,16713577692,24146720536,1506,3554,100,33,40860298228,-7433142844,0.6921676037572873,0.4090419898244116,0.5909580101755884,-0.18191602035117677,0.42374788970174454,11097993.155378487,6794237.629713,1.6334420078043819,8075157.75256917,-0.40474308300395256,8075157.75256917,175389799.0,0.004310930164831907,-1319921434.0,789307516.3796712,0.01877710159253996
2025-11-09T04:26:09.812831+00:00,16685633394,24147082037,1510,3556,100,33,40832715431,-7461448643,0.6909999878425476,0.40863394015996174,0.5913660598400383,-0.18273211968007655,0.4246344206974128,11050088.34039735,6790518.00815523,1.6272820905749001,8060149.117844453,-0.4038689301223845,8060149.117844453,-27582797.0,-0.0006750512893001491,-654307959.0,802865046.5329152,0.01919566769036434
2025-11-09T05:23:03.310807+00:00,16558278495,24086421630,1508,3575,100,33,40644700125,-7528143135,0.6874528209028947,0.40739083925028713,0.5926091607497129,-0.18521832149942574,0.4218181818181818,10980290.77917772,6737460.595804196,1.6297372909335868,7996203.054298642,-0.40664961636828645,7996203.054298642,-188015306.0,-0.004604526150549852,-40208304.0,773862710.4647182,0.01860494666380629
2025-11-09T06:31:41.041121+00:00,16514375024,23605811190,1513,3575,101,33,40120186214,-7091436166,0.6995893888618364,0.4116225915780342,0.5883774084219658,-0.1767548168439316,0.42321678321678324,10914986.79709187,6603024.109090909,1.6530284634375843,7885256.724449686,-0.40526729559748426,7885256.724449686,-524513911.0,-0.012904853754287602,-740112014.0,826346576.1042583,0.019981723293531033
2025-11-09T07:22:35.394641+00:00,16358744201,23272456078,1532,3590,101,33,39631200279,-6913711877,0.7029229809768255,0.4127743819474542,0.5872256180525458,-0.17445123610509158,0.42674094707520893,10678031.462793734,6482578.294707521,1.6471889697825088,7737446.364506052,-0.4017961733697774,7737446.364506052,-488985935.0,-0.012188027552807509,-1201515152.0,926224669.2230949,0.02253740967325505
2025-11-09T08:27:06.494734+00:00,16323172693,23360782108,1545,3577,101,33,39683954801,-7037609415,0.6987425599680611,0.41132928345611036,0.5886707165438897,-0.1773414330877793,0.4319261951355885,10565160.319093851,6530830.89404529,1.617736011006961,7747745.958805154,-0.39672003123779775,7747745.958805154,52754522.0,0.0013311361157020989,-960745324.0,951941047.7447146,0.023299517688673405
2025-11-09T09:22:01.241907+00:00,16299549718,23368751135,1537,3591,101,34,39668300853,-7069201417,0.6974934015017915,0.41089609001408267,0.5891039099859173,-0.17820781997183469,0.42801448064605957,10604781.859466493,6507588.7315511,1.629602345343483,7735628.091458659,-0.4005460218408736,7735628.091458659,-15653948.0,-0.0003944654225744037,-451885361.0,835780155.3892286,0.02059619338711266
2025-11-09T10:22:28.313117+00:00,16159675757,23133304043,1546,3547,102,34,39292979800,-6973628286,0.6985459460076487,0.4112611423020659,0.5887388576979341,-0.17747771539586824,0.43586129123202705,10452571.641009055,6521935.168593178,1.6026794763836545,7715095.1894757515,-0.39289220498723737,7715095.1894757515,-375321053.0,-0.009461485491673525,-338220479.0,710642096.8227956,0.01763790127029002
2025-11-09T11:18:45.180098+00:00,16306689024,23048887428,1520,3554,102,35,39355576452,-6742198404,0.7074826962879989,0.41434252764378743,0.5856574723562126,-0.17131494471242512,0.4276871131119865,10728084.884210527,6485336.924029263,1.6542062517154923,7756321.72881356,-0.4008671659440284,7756321.72881356,62596652.0,0.0015930746998220786,-328378349.0,626609683.928828,0.015634956382039388
2025-11-09T12:41:20.553733+00:00,16518422501,23235034771,1552,3478,102,34,39753457272,-6716612270,0.7109273846070114,0.41552165860639767,0.5844783413936023,-0.16895668278720472,0.44623346751006326,10643313.467139175,6680573.539677976,1.5931736106077228,7903271.823459244,-0.38290258449304176,7903271.823459244,397880820.0,0.01010989689060393,85156419.0,594700896.7979186,0.014873346470857224
2025-11-09T13:29:35.248706+00:00,16478112004,22618206723,1537,3472,99,33,39096318727,-6140094719,0.7285330886662973,0.4214747715523452,0.5785252284476549,-0.15705045689530964,0.44268433179723504,10720957.712426806,6514460.461693549,1.645716905562384,7805214.359552805,-0.3863046516270713,7805214.359552805,-657138545.0,-0.016530349561894576,-196661073.0,566973272.917432,0.014242718593970626
2025-11-09T14:20:21.949259+00:00,16411452498,22742371911,1536,3507,102,33,39153824409,-6330919413,0.7216244885196926,0.41915324353928557,0.5808467564607145,-0.16169351292142892,0.43798118049615054,10684539.38671875,6484850.844311377,1.647615287264689,7763994.528851874,-0.3908387864366449,7763994.528851874,57505682.0,0.0014708720378905254,-201752043.0,470101628.80303204,0.011859259261015083
2025-11-09T15:21:22.196933+00:00,17143820010,21507151210,1584,3489,104,33,38650971220,-4363331200,0.7971218429909388,0.44355470170252553,0.5564452982974745,-0.1128905965949489,0.45399828030954426,10823118.693181818,6164273.777586701,1.7557816352243596,7618957.465010841,-0.37551744529863984,7618957.465010841,-502853189.0,-0.012843015889002477,-1102486052.0,416389095.7438526,0.0105573516325632
2025-11-09T16:24:58.477747+00:00,17479691977,21221378521,1656,3427,102,33,38701070498,-3741686544,0.8236831532740747,0.45165913376745787,0.5483408662325421,-0.09668173246508423,0.48322147651006714,10555369.551328503,6192406.921797491,1.7045665255255158,7613824.611056463,-0.34841628959276016,7613824.611056463,50099278.0,0.0012961971308518131,-395248229.0,400598854.98015064,0.010193675312332518
2025-11-09T17:19:13.076149+00:00,17417491417,20807488540,1590,3459,101,32,38224979957,-3389997123,0.8370780252271618,0.45565730672961147,0.5443426932703885,-0.08868538654077704,0.45967042497831745,10954397.117610063,6015463.584851113,1.821039552994184,7570802.130520895,-0.3701723113487819,7570802.130520895,-476090541.0,-0.01230174087883702,-928844452.0,504322619.4490983,0.012879124893936247
2025-11-09T18:28:32.001759+00:00,18515710410,21072509901,1589,3451,101,32,39588220311,-2556799491,0.8786665896463208,0.46770757221574866,0.5322924277842513,-0.0645848555685027,0.460446247464503,11652429.458779106,6106203.970153579,1.9082935184829788,7854805.617261905,-0.36944444444444446,7854805.617261905,1363240354.0,0.03566359892231558,937249091.0,494035958.07925093,0.012619514805048783
2025-11-09T19:18:31.739998+00:00,18533801134,21017572216,1622,3457,101,32,39551373350,-2483771082,0.8818240729008089,0.46860069737628973,0.5313993026237103,-0.06279860524742056,0.46919294185710153,11426511.180024661,6079714.265548163,1.8794487176437094,7787236.335892892,-0.36129159283323486,7787236.335892892,-36846961.0,-0.0009307556821330937,850302852.0,481595371.2259971,0.01230541130734159
2025-11-09T20:23:40.572815+00:00,18534037683,20907301653,1620,3478,101,33,39441339336,-2373263970,0.8864863572837264,0.46991400380978177,0.5300859961902182,-0.06017199238043644,0.4657849338700403,11440764.001851851,6011300.072742956,1.9032095991560494,7736629.920753237,-0.3644566496665359,7736629.920753237,-110034014.0,-0.0027820529271204183,1216359379.0,489164256.6362149,0.01249407030344045
2025-11-09T21:20:14.135424+00:00,18200267297,21049491179,1616,3528,105,33,39249758476,-2849223882,0.8646416743392579,0.46370393102237545,0.5362960689776246,-0.0725921379552491,0.4580498866213152,11262541.644183168,5966409.064342404,1.887658308829766,7630201.881026438,-0.37169517884914466,7630201.881026438,-191580860.0,-0.004857361925971286,-338461835.0,485394218.4858056,0.012401128983114058
2025-11-09T22:23:12.993436+00:00,18160126241,20910386791,1622,3508,103,33,39070513032,-2750260550,0.8684739513673781,0.4648038848664791,0.5351961151335208,-0.07039223026704176,0.4623717217787913,11196132.084463624,5960771.605188142,1.8783024792828373,7616084.411695907,-0.3676413255360624,7616084.411695907,-179245444.0,-0.004566791006105247,-480860318.0,435107976.67463946,0.01113581738219647
2025-11-09T23:21:31.916302+00:00,18133352911,20801704577,1661,3512,103,33,38935057488,-2668351666,0.8717243745038885,0.4657333026049544,0.5342666973950456,-0.06853339479009118,0.4729498861047836,10917129.988561107,5923036.610763098,1.84316436078125,7526591.433984148,-0.35781944712932534,7526591.433984148,-135455544.0,-0.003466950738247475,-506281848.0,437124673.79153824,0.01119205034811481
2025-11-10T01:30:39.211854+00:00,18007167704,21029528739,1672,3497,102,33,39036696443,-3022361035,0.8562801348279895,0.46128820686180316,0.5387117931381968,-0.07742358627639366,0.47812410637689445,10769837.14354067,6013591.289390907,1.7909160475439467,7552079.0177984135,-0.3530663571290385,7552079.0177984135,101638955.0,0.0026104739932983454,-213062033.0,435800598.0225349,0.011161496227983988
2025-11-10T03:23:29.183105+00:00,18004547923,20958083094,1721,3498,102,33,38962631017,-2953535171,0.8590741740190182,0.4620978474257638,0.5379021525742361,-0.0758043051484723,0.49199542595769014,10461678.04938989,5991447.425385935,1.7461019527707877,7465535.738072428,-0.3404866832726576,7465535.738072428,-74065426.0,-0.001897328225715711,-107882015.0,415145687.6590409,0.010624013343704409
2025-11-10T04:31:28.871404+00:00,18515267370,21262244929,1710,3494,102,33,39777512299,-2746977559,0.8708049141483953,0.4654707220206295,0.5345292779793706,-0.069058555958741,0.48941041785918715,10827641.736842105,6085359.16685747,1.7792937836459026,7643641.871445042,-0.34281322059953884,7643641.871445042,814881282.0,0.02091443161639815,842454811.0,445525295.9294415,0.01137013773613542
2025-11-10T05:24:55.262497+00:00,18048796304,20832225701,1697,3504,102,33,38881022005,-2783429397,0.8663882852965448,0.46420580975672326,0.5357941902432768,-0.07158838048655351,0.4843036529680365,10635707.898644667,5945269.8918379,1.788936094094928,7475681.985195154,-0.3474331859257835,7475681.985195154,-896490294.0,-0.022537615908738907,-155674438.0,318978213.3682647,0.008126955132855688
2025-11-10T06:36:03.613415+00:00,17371990806,21079971493,1639,3527,102,33,38451962299,-3707980687,0.8240993500284711,0.45178424629974695,0.548215753700253,-0.0964315074005061,0.4647008789339382,10599140.211104332,5976742.6971930815,1.7733974420685892,7443275.706349206,-0.36546651180797524,7443275.706349206,-429059706.0,-0.011035196192755016,-510668718.0,381189874.85907465,0.009740186878151298
2025-11-10T07:24:29.122499+00:00,17208212376,21635997733,1639,3504,102,33,38844210109,-4427785357,0.7953509973683079,0.4430058515210468,0.5569941484789532,-0.11398829695790635,0.4677511415525114,10499214.38438072,6174656.887271689,1.7003721139588477,7552831.053665176,-0.3626288158662259,7552831.053665176,392247810.0,0.010200982903028618,-933302190.0,360562518.6314263,0.009229793171247001
2025-11-10T08:31:48.927324+00:00,17645457963,21610130427,1667,3512,102,33,39255588390,-3964672464,0.8165363935496436,0.4495018081933786,0.5504981918066214,-0.1009963836132428,0.47465831435079725,10585157.74625075,6153226.2035877,1.7202614362005688,7579762.191542769,-0.3562463796099633,7579762.191542769,411378281.0,0.010590465859535802,374566385.0,343400699.52703947,0.008794661291796645
2025-11-10T09:27:25.584532+00:00,17606589854,21356904245,1669,3504,102,33,38963494099,-3750314391,0.8243980331616644,0.4518739979855111,0.5481260020144889,-0.09625200402897778,0.4763127853881279,10549185.053325344,6095006.91923516,1.7307913170751779,7532088.555770346,-0.35472646433404215,7532088.555770346,-292094291.0,-0.007440833343219187,511531800.0,336434710.96158063,0.008622580423146278
2025-11-10T10:26:45.123998+00:00,17971352728,21204274328,1683,3508,102,34,39175627056,-3232921600,0.8475344381047285,0.4587381001537172,0.5412618998462828,-0.08252379969256567,0.4797605473204105,10678165.613784907,6044547.984036488,1.7665780207197785,7546836.265844732,-0.3515700250433442,7546836.265844732,212132957.0,0.005444402816159252,331416947.0,339886616.1016114,0.008708704154571943
2025-11-10T11:22:08.837584+00:00,17803327917,21084091421,1600,3420,102,32,38887419338,-3280763504,0.8443962588431806,0.4578171609244059,0.5421828390755941,-0.0843656781511882,0.4678362573099415,11127079.948125,6164939.011988305,1.8048970032772984,7746497.876095617,-0.36254980079681276,7746497.876095617,-288207718.0,-0.007356811866419357,-368169052.0,341669121.1908223,0.008755444869999589
2025-11-10T12:44:26.329720+00:00,17626399186,20323624279,1584,3413,102,32,37950023465,-2697225093,0.8672862154912503,0.4644634594826067,0.5355365405173933,-0.07107308103478666,0.46410782302959275,11127777.263888888,5954768.320832113,1.868717079211892,7594561.429857914,-0.3660196117670602,7594561.429857914,-937395873.0,-0.024105376210552386,-1013470634.0,481315878.7742592,0.012368405742457032
2025-11-10T13:36:32.105614+00:00,17541137227,21079585230,1585,3387,102,32,38620722457,-3538448003,0.8321386325019261,0.4541897745835842,0.5458102254164158,-0.0916204508328315,0.467965751402421,11066963.55015773,6223674.410983171,1.7782041314094787,7767643.293845535,-0.36242960579243766,7767643.293845535,670698992.0,0.017673216793095334,-554904599.0,489624608.9526095,0.012592979978483302
2025-11-10T14:24:26.641791+00:00,17281793802,20993413737,1577,3367,102,32,38275207539,-3711619935,0.8232007437428612,0.4515140455970344,0.5484859544029657,-0.09697190880593125,0.46836946836946836,10958651.745085606,6235050.114939115,1.7575883983400216,7741749.097694174,-0.36205501618122976,7741749.097694174,-345514918.0,-0.008946360814060212,-612211799.0,407488500.7072488,0.010521119260735299
2025-11-10T15:26:04.452426+00:00,17140062722,22067546671,1605,3396,107,31,39207609393,-4927483949,0.7767090278560309,0.43716163743102715,0.5628383625689729,-0.12567672513794573,0.4726148409893993,10679166.804984424,6498099.726442874,1.6434291953888354,7839953.887822435,-0.35812837432513495,7839953.887822435,932401854.0,0.024360465009887717,1257585928.0,433168480.63082385,0.011174738732747474
2025-11-10T16:32:00.195354+00:00,17162880755,22069513648,1575,3447,105,31,39232394403,-4906632893,0.777673718992686,0.4374670732227243,0.5625329267772757,-0.1250658535545514,0.45691906005221933,10897067.146031747,6402527.893240499,1.7019944821382784,7812105.615890084,-0.3727598566308244,7812105.615890084,24785010.0,0.0006321479524947786,611671946.0,441097451.18991774,0.011356423456458823
2025-11-10T17:22:15.069974+00:00,17277546477,21961262101,1595,3458,103,31,39238808578,-4683715624,0.786728303571099,0.4403178155283489,0.5596821844716511,-0.11936436894330212,0.46124927703875074,10832317.540438872,6350856.5936957775,1.7056466920055553,7765447.967148229,-0.36869186621808825,7765447.967148229,6414175.0,0.00016349180562656468,963601039.0,458692828.53016895,0.011797445846809298
2025-11-10T18:32:47.434386+00:00,17366599252,21964440754,1604,3466,104,31,39331040006,-4597841502,0.7906688563803895,0.441549454307608,0.5584505456923919,-0.11690109138478397,0.46278130409694174,10827056.890274314,6337115.0473167915,1.7085151223281982,7757601.579092702,-0.36725838264299804,7757601.579092702,92231428.0,0.0023505155060113457,123430613.0,466105508.877795,0.011985771873467102
2025-11-10T19:22:07.721898+00:00,17188397006,22239133020,1576,3481,103,32,39427530026,-5050736014,0.7728897071006413,0.43594911968021643,0.5640508803197836,-0.12810176063956719,0.4527434645216892,10906343.277918782,6388719.6265440965,1.7071250446810484,7796624.486058928,-0.3767055566541428,7796624.486058928,96490020.0,0.0024532791399688473,195135623.0,496535968.01782084,0.012753064896464503
2025-11-10T20:27:08.128204+00:00,17203249163,21982917080,1565,3494,102,32,39186166243,-4779667917,0.7825735365508644,0.4390133256802863,0.5609866743197137,-0.1219733486394274,0.4479107040641099,10992491.477955272,6291619.084144248,1.7471641768106838,7745832.425973512,-0.38130065230282667,7745832.425973512,-241363783.0,-0.006121706909888487,-52642335.0,497115158.5253733,0.012767595261351088
2025-11-10T21:23:34.800031+00:00,17213853449,21721670446,1530,3483,102,33,38935523895,-4507816997,0.7924737414552707,0.44211177164128407,0.5578882283587159,-0.11577645671743182,0.4392764857881137,11250884.607189542,6236483.045076083,1.8040431643717045,7766910.810891681,-0.3895870736086176,7766910.810891681,-250642348.0,-0.00639619467864564,-395516111.0,496828797.59895265,0.012758664229274054
2025-11-10T22:25:03.504234+00:00,17069267912,21687887599,1510,3489,102,33,38757155511,-4618619687,0.7870415149508171,0.4404159099641723,0.5595840900358277,-0.11916818007165542,0.43278876468902266,11304150.935099337,6216075.551447406,1.81853499712808,7752981.698539708,-0.395879175835167,7752981.698539708,-178368384.0,-0.004581121971827522,-670374515.0,366510680.53435934,0.009392600229705223
2025-11-10T23:24:20.004700+00:00,17309794824,21474741074,1506,3493,99,34,38784535898,-4164946250,0.8060537151228984,0.44630661224162316,0.5536933877583768,-0.10738677551675367,0.43114801030632693,11493887.665338645,6147936.179215574,1.8695522091130703,7758458.871374275,-0.39747949589917986,7758458.871374275,27380387.0,0.0007064601784883036,-401630345.0,349906286.29822147,0.008963315158996463
2025-11-11T01:30:46.761664+00:00,17024801970,22273407785,1538,3526,99,34,39298209755,-5248605815,0.7643555101373097,0.4332208025795347,0.5667791974204653,-0.13355839484093057,0.4361883153715258,11069442.11313394,6316905.214123653,1.7523520993134942,7760309.98321485,-0.39257503949447076,7760309.98321485,513673857.0,0.013244295570557249,362685860.0,231885350.47541288,0.0059245262775882756
2025-11-11T03:18:46.812042+00:00,16719665077,23486111046,1548,3543,99,34,40205776123,-6766445969,0.7118958538624292,0.41585231499698366,0.5841476850030164,-0.1682953700060327,0.43691786621507195,10800817.233204134,6628876.953429298,1.6293585337432728,7897422.141622471,-0.3918680023571008,7897422.141622471,907566368.0,0.023094343830370755,1448620612.0,410394966.4299059,0.010458663535922215
2025-11-11T04:28:12.075248+00:00,16640491309,23398698407,1554,3545,99,34,40039189716,-6758207098,0.711171665173555,0.41560509658241956,0.5843949034175805,-0.16878980683516087,0.4383638928067701,10708166.865508366,6600479.099294782,1.6223317587131614,7852361.1916061975,-0.3904687193567366,7852361.1916061975,-166586407.0,-0.0041433451375336855,1254653818.0,481875060.0898447,0.012255092492131019
2025-11-11T05:24:05.850014+00:00,16633581297,24284771451,1554,3557,99,34,40918352748,-7651190154,0.684938762160558,0.40650662062179455,0.5934933793782055,-0.18698675875641094,0.4368850154624684,10703720.268339768,6827318.37250492,1.5677781061808913,8005938.710232832,-0.3918998239092154,8005938.710232832,879163032.0,0.02195756303351661,1620142993.0,695586299.9764696,0.017614975944692038
2025-11-11T06:35:36.198100+00:00,16638091124,24169847658,1552,3568,101,34,40807938782,-7531756534,0.6883821263347079,0.40771701832043783,0.5922829816795622,-0.1845659633591243,0.4349775784753363,10720419.538659794,6774060.442264574,1.5825692182746378,7970300.543359375,-0.39375,7970300.543359375,-110413966.0,-0.0026983971392982526,602162659.0,806433420.6366518,0.02034596453075686
2025-11-11T07:23:56.428492+00:00,16746839316,24349681942,1556,3561,100,34,41096521258,-7602842626,0.6877641915771353,0.4075001679793031,0.5924998320206969,-0.18499966404139384,0.4369559112608818,10762750.203084832,6837877.546194889,1.5739899011607832,8031370.189173344,-0.3918311510650772,8031370.189173344,288582476.0,0.0070717239001370745,1057331542.0,922797485.3457559,0.02318415561922889
2025-11-11T08:31:38.252560+00:00,16660036572,25597208978,1559,3586,100,34,42257245550,-8937172406,0.650853637453942,0.39425278091747273,0.6057472190825273,-0.2114944381650545,0.4347462353597323,10686360.854393842,7138095.08588957,1.4970886105900165,8213264.441205054,-0.393974732750243,8213264.441205054,1160724292.0,0.028243857544853607,1338892802.0,1172085904.8521452,0.029221754976457577
2025-11-11T09:26:44.949413+00:00,16313596400,25691145957,1558,3588,104,34,42004742357,-9377549557,0.6349890513760861,0.38837510920433904,0.611624890795661,-0.22324978159132194,0.4342251950947603,10470857.766367137,7160297.089464883,1.4623496253770198,8162600.535755927,-0.39448115040808396,8162600.535755927,-252503193.0,-0.005975382202827936,1196803575.0,1230737666.602084,0.03045101512965848
2025-11-11T10:26:13.041160+00:00,16595477740,25629188870,1573,3589,100,34,42224666610,-9033711130,0.6475225503303258,0.39302803485178306,0.6069719651482169,-0.2139439302964339,0.4382836444692115,10550208.353464717,7141038.971858457,1.4774052340340362,8179904.41882991,-0.390546299883766,8179904.41882991,219924253.0,0.00523570055806687,1128145352.0,1199207090.409193,0.02941849156027028
2025-11-11T11:23:10.543164+00:00,16570450011,25599331287,1590,3610,100,34,42169781298,-9028881276,0.6473001120703064,0.39294607420185723,0.6070539257981428,-0.2141078515962855,0.4404432132963989,10421666.673584906,7091227.5033241,1.469656229291702,8109573.326538461,-0.38846153846153847,8109573.326538461,-54885312.0,-0.0012998400320584555,-87464252.0,1046515020.2756226,0.025461263392627838
2025-11-11T12:43:07.614888+00:00,16684959007,25617546739,1617,3648,100,34,42302505746,-8932587732,0.6513097907848809,0.3944201108838022,0.6055798891161978,-0.2111597782323956,0.4432565789473684,10318465.681508968,7022353.820997807,1.469374221882032,8034663.9593542265,-0.38575498575498574,8034663.9593542265,132724448.0,0.003147382886861089,297763389.0,890708952.7115468,0.02151332050035554
2025-11-11T13:34:46.340949+00:00,16671103974,25456109002,1619,3637,100,35,42127212976,-8785005028,0.6548960005117125,0.39573242083442783,0.6042675791655722,-0.2085351583311444,0.4451470992576299,10297161.194564546,6999205.114654935,1.4711900888579976,8015070.9619482495,-0.3839421613394216,8015070.9619482495,-175292770.0,-0.004143791648005986,-97453634.0,807153420.7210453,0.01940514477724887
2025-11-11T14:24:22.280754+00:00,16557115658,25401272950,1617,3639,100,35,41958388608,-8844157292,0.6518222803475682,0.39460799633385196,0.605392003666148,-0.21078400733229607,0.4443528441879637,10239403.622758195,6980289.3514701845,1.4669024602256033,7982950.648401827,-0.384703196347032,7982950.648401827,-168824368.0,-0.004007489602888749,-211392690.0,596969234.6556199,0.014286094048259099
2025-11-11T15:25:12.346492+00:00,16427568607,25393821323,1641,3663,100,35,41821389930,-8966252716,0.6469120341537972,0.3928030281752044,0.6071969718247956,-0.2143939436495912,0.447993447993448,10010706.037172455,6932520.153699154,1.444021195067251,7884877.437782805,-0.38122171945701355,7884877.437782805,-136998678.0,-0.003265108183250849,-481115816.0,513475623.78160197,0.012261507313402517
2025-11-11T16:29:02.092771+00:00,16415941880,25113714692,1651,3661,100,35,41529656572,-8697772812,0.6536644252484606,0.39528238938214355,0.6047176106178564,-0.20943522123571295,0.4509696804151871,9943029.606299212,6859796.419557498,1.4494642403601539,7818082.939006024,-0.37838855421686746,7818082.939006024,-291733358.0,-0.006975697328288199,-597556404.0,379842966.77065736,0.009054829802429306
2025-11-11T17:22:15.480073+00:00,16239738087,25138362453,1646,3667,104,35,41378100540,-8898624366,0.6460141593296964,0.39247181178123747,0.6075281882187625,-0.2150563764375251,0.4488682847013908,9866183.527946537,6855293.824106899,1.4392065141324404,7788085.928853755,-0.38038772821381517,7788085.928853755,-151556032.0,-0.003649344697499417,-580288068.0,314410336.2530086,0.007489996243283987
2025-11-11T18:33:02.421197+00:00,15939855783,25662891531,1652,3690,110,34,41602747314,-9723035748,0.6211246992080037,0.3831443068577344,0.6168556931422656,-0.23371138628453128,0.44769647696476966,9648823.113196125,6954713.152032521,1.387379019417393,7787859.84912018,-0.381505054286784,7787859.84912018,224646774.0,0.005429122435981205,-218642616.0,317780233.3989292,0.007582096919009174
2025-11-11T19:21:03.285679+00:00,15868951172,25652731619,1616,3709,107,36,41521682791,-9783780447,0.6186066812567622,0.38218468292522245,0.6178153170747775,-0.23563063414955512,0.43569695335669995,9819895.527227722,6916347.160690213,1.4198095178102297,7797499.115680751,-0.39305164319248825,7797499.115680751,-81064523.0,-0.0019485377344952521,-7973781.0,338163692.7618688,0.008077747394505248
2025-11-11T20:26:37.806364+00:00,15618946698,25787811482,1621,3677,107,34,41406758180,-10168864784,0.6056716642628666,0.37720766813240053,0.6227923318675995,-0.245584663735199,0.44084851781343487,9635377.358420728,7013274.81153114,1.3738770570601853,7815545.145337863,-0.3880709701774254,7815545.145337863,-114924611.0,-0.002767821612107455,28657640.0,340041130.7376621,0.008138494475393809
2025-11-11T21:23:51.189145+00:00,16100047247,25844758081,1564,3716,107,34,41944805328,-9744710834,0.6229521358466918,0.38383888353041207,0.6161611164695879,-0.23232223293917584,0.4208826695371367,10294147.856138108,6954994.101453176,1.4801087831242372,7944091.918181818,-0.4075757575757576,7944091.918181818,538047148.0,0.01299418673785198,342058014.0,318266422.7917108,0.00762144561310395
2025-11-11T22:23:01.852011+00:00,15904422458,25512772228,1556,3707,107,34,41417194686,-9608349770,0.62339060278777,0.38400530452575715,0.6159946954742429,-0.23198939094848572,0.4197464256811438,10221351.194087403,6882323.233881845,1.485160002914051,7869503.075432263,-0.40870226106783203,7869503.075432263,-527610642.0,-0.012578688537810348,-104488105.0,269829482.7285783,0.006475266219302726
2025-11-11T23:22:16.529451+00:00,15827282275,24624511967,1530,3640,107,34,40451794242,-8797229692,0.6427450134325743,0.39126279987271767,0.6087372001272823,-0.2174744002545646,0.42032967032967034,10344628.937908497,6764975.81510989,1.5291449992774968,7824331.574854933,-0.4081237911025145,7824331.574854933,-965400444.0,-0.023309170293137414,-954963938.0,428461051.29495853,0.010323553758208861
2025-11-12T01:27:45.889725+00:00,15698245155,24064497493,1535,3665,107,34,39762742648,-8366252338,0.6523404513045155,0.3947978461639038,0.6052021538360962,-0.21040430767219245,0.41882673942701226,10226869.80781759,6566029.329604366,1.557542510769413,7646681.278461538,-0.4096153846153846,7646681.278461538,-689051594.0,-0.017033894464057578,-2182062680.0,666028562.300252,0.016132971812837016
2025-11-12T03:17:38.916315+00:00,14963198368,24457834019,1527,3677,107,35,39421032387,-9494635651,0.6117957279608603,0.37957398530573394,0.6204260146942661,-0.24085202938853212,0.41528419907533315,9799082.100851342,6651573.026652162,1.4731977024964529,7575140.73539585,-0.4131437355880092,7575140.73539585,-341710261.0,-0.008593729663594708,-1996162299.0,856123927.6992782,0.020858863601599255
2025-11-12T04:29:41.461940+00:00,14634579744,24141836211,1487,3715,107,35,38776415955,-9507256467,0.606191658997831,0.3774092933442693,0.6225907066557307,-0.24518141331146137,0.4002691790040377,9841681.06523201,6498475.4269179,1.5144599954115279,7454136.092848904,-0.4282968089196463,7454136.092848904,-644616432.0,-0.016352094122541988,-1675378287.0,1092533047.626419,0.026798574214652458
2025-11-12T05:25:56.042086+00:00,14632184937,24278168509,1484,3725,107,35,38910353446,-9645983572,0.6026889932647019,0.37604862565195213,0.6239513743480478,-0.24790274869609571,0.3983892617449664,9859962.89555256,6517629.129932886,1.5128143530397673,7469831.723171434,-0.4302169322326742,7469831.723171434,133937491.0,0.0034540967157829735,-852389202.0,1211698648.6346471,0.029902572038001476
2025-11-12T06:33:41.767235+00:00,14539763022,24279990336,1495,3727,107,35,38819753358,-9740227314,0.5988372656162824,0.37454547657510134,0.6254545234248987,-0.25090904684979737,0.40112691172524817,9725593.99464883,6514620.428226456,1.4928872835798555,7433886.127537342,-0.4274224435082344,7433886.127537342,-90600088.0,-0.002328431380756674,-601279029.0,1254616196.0403702,0.031175814406011283
2025-11-12T07:25:16.390688+00:00,14513232154,24618559197,1512,3721,107,35,39131791351,-10105327043,0.5895240268881605,0.3708808529571473,0.6291191470428527,-0.25823829408570537,0.40634238108035475,9598698.514550265,6616113.732061273,1.4508061534727814,7477888.658704376,-0.42212879801261227,7477888.658704376,312037993.0,0.008038124047887465,355375396.0,1210893324.7564077,0.030269106312538634
2025-11-12T08:30:59.318552+00:00,14495844455,24882739709,1496,3734,107,35,39378584164,-10386895254,0.5825662537376021,0.3681149224316738,0.6318850775683261,-0.2637701551366523,0.4006427423674344,9689735.598262032,6663829.595340118,1.4540791386739347,7529365.996940726,-0.42791586998087955,7529365.996940726,246792813.0,0.006306708803242489,468230718.0,1116019752.169419,0.028039678029722907
2025-11-12T09:26:16.419975+00:00,14503215002,24863554947,1501,3745,114,35,39366769949,-10360339945,0.5833122026562794,0.3684126236617595,0.6315873763382405,-0.263174752676481,0.4008010680907877,9662368.422385076,6639133.497196262,1.45536588870604,7504149.818719024,-0.42775447960350743,7504149.818719024,-11814215.0,-0.00030001624616053576,547016591.0,825956153.2960811,0.020887204265174514
2025-11-12T10:26:35.096181+00:00,14531731224,24551005576,1518,3747,114,35,39082736800,-10019274352,0.5918996343761003,0.3718196936505224,0.6281803063494775,-0.2563606126989551,0.40512409927942356,9572945.47035573,6552176.56151588,1.4610328919678837,7423121.899335233,-0.4233618233618234,7423121.899335233,-284033149.0,-0.007215048361040732,-49054551.0,505206488.92509466,0.01285179220543779
2025-11-12T11:21:40.265271+00:00,14528055505,24535339605,1522,3736,114,35,39063395110,-10007284100,0.5921277528206441,0.371909698685686,0.628090301314314,-0.256180602628628,0.4073875802997859,9545371.553876478,6567275.05487152,1.4534752198015286,7429325.81019399,-0.4210726511981742,7429325.81019399,-19341690.0,-0.000494890879801437,-315189054.0,309480794.0698962,0.007900691058183638
2025-11-12T12:45:50.051761+00:00,14792963284,24492188710,1509,3741,114,35,39285151994,-9699225426,0.603986987817064,0.3765535458857158,0.6234464541142841,-0.24689290822856833,0.4033680834001604,9803156.583167661,6546963.033948142,1.4973593912681487,7482886.0940952385,-0.42514285714285716,7482886.0940952385,221756884.0,0.005676846146515092,-81617955.0,236269333.9393216,0.006039049149142541
2025-11-12T13:37:32.783955+00:00,15034520010,25746951451,1529,3750,114,35,40781471461,-10712431441,0.5839339868493855,0.3686605576352918,0.6313394423647082,-0.2626788847294163,0.40773333333333334,9832910.405493787,6865853.720266666,1.4321467957391731,7725226.645387384,-0.42072362189808676,7725226.645387384,1496319467.0,0.038088677045936645,1698734661.0,575171984.5159559,0.014650464190666061
2025-11-12T14:24:49.487462+00:00,15057785706,25608185360,1543,3767,114,35,40665971066,-10550399654,0.5880067444966355,0.37027975261088775,0.6297202473891123,-0.25944049477822445,0.409609769046987,9758772.330524951,6798031.685691532,1.435529103382259,7658374.965348399,-0.41883239171374764,7658374.965348399,-115500395.0,-0.0028321782138355394,1602575956.0,696388790.6401205,0.017653068251925825
2025-11-12T15:27:21.197084+00:00,15179817651,25820580651,1380,3783,114,35,41000398302,-10640763000,0.5878960607499779,0.37023585817846866,0.6297641418215313,-0.25952828364306263,0.3647898493259318,10999867.863043478,6825424.4385408405,1.6116020274037437,7941196.649622313,-0.4654270772806508,7941196.649622313,334427236.0,0.008223761224273528,1715246308.0,819631685.6274155,0.020667706491180327
2025-11-12T16:31:41.060277+00:00,15186358388,25731871439,1394,3797,114,35,40918229827,-10545513051,0.5901769882536836,0.37113918300491194,0.628860816995088,-0.25772163399017606,0.3671319462733737,10894087.796269728,6776895.296023176,1.6075337334284339,7882533.197264496,-0.46291658639953764,7882533.197264496,-82168475.0,-0.002004089677245692,136758366.0,849378546.0855725,0.021305063304385915
2025-11-12T17:25:04.834887+00:00,15435413724,25833836220,1450,3822,117,36,41269249944,-10398422496,0.5974882550370214,0.37401730695239116,0.6259826930476088,-0.2519653860952177,0.3793825222396651,10645112.913103448,6759245.478806907,1.5748966281044798,7828006.438543247,-0.44992412746585736,7828006.438543247,351020117.0,0.008578575331437688,603278878.0,910431627.3165938,0.02271468222799625
2025-11-12T18:33:19.348601+00:00,16483367294,25702600136,1475,3820,117,36,42185967430,-9219232842,0.6413112761659002,0.3907310486917521,0.6092689513082479,-0.21853790261649572,0.38612565445026176,11175164.267118644,6728429.354973822,1.6608875084432126,7967132.659112371,-0.4428706326723324,7967132.659112371,916717486.0,0.02221308812842329,1185569128.0,1085676021.294387,0.026898513243428745
2025-11-12T19:20:32.999572+00:00,16420147899,25835396980,1460,3845,117,36,42255544879,-9415249081,0.6355678572197423,0.38859155516795674,0.6114084448320433,-0.22281688966408653,0.37971391417425226,11246676.643150685,6719218.980494148,1.6738071308287048,7965229.948916117,-0.44957587181903863,7965229.948916117,69577449.0,0.0016493031507562607,1337315052.0,1172326240.8113842,0.028838938075882805
2025-11-12T20:27:58.335102+00:00,16436260192,25991013539,1468,3865,117,36,42427273731,-9554753347,0.6323824258464213,0.38739845261352834,0.6126015473864717,-0.22520309477294329,0.37981888745148773,11196362.528610354,6724712.42923674,1.6649578173681325,7955611.050253141,-0.44946559159947497,7955611.050253141,171728852.0,0.00406405484751766,1158023787.0,1152172112.2602646,0.028111861707742613
2025-11-12T21:24:23.640428+00:00,16269661563,26380170119,1474,3899,120,37,42649831682,-10110508556,0.6167383109967881,0.3814707097628822,0.6185292902371178,-0.2370585804742356,0.3780456527314696,11037762.25440977,6765881.025647602,1.6313858036475422,7937806.008189093,-0.45133072771263727,7937806.008189093,222557951.0,0.005245634032746849,463864252.0,1040216224.1651012,0.025160084001008286
2025-11-12T22:23:36.412123+00:00,15541241792,27368845385,1509,3931,118,36,42910087177,-11827603593,0.567844261362873,0.36218154784663725,0.6378184521533627,-0.27563690430672555,0.3838717883490206,10299033.65937707,6962311.214703638,1.4792549976258804,7887883.672242647,-0.4452205882352941,7887883.672242647,260255495.0,0.006102145887479284,654542298.0,858866570.4360034,0.02059315879398624
2025-11-12T23:24:26.505579+00:00,15578267568,27335298044,1540,3917,118,36,42913565612,-11757030476,0.5698956544364211,0.3630149894522822,0.6369850105477178,-0.2739700210954356,0.39315802910390607,10115758.161038961,6978631.106459024,1.4495332976801698,7863948.252153197,-0.43558731903976544,7863948.252153197,3478435.0,8.10633403202326e-05,486291881.0,868333567.8006413,0.020714255860136307
2025-11-13T01:28:30.549448+00:00,15530862217,27473088172,1538,3968,117,36,43003950389,-11942225955,0.5653118469888191,0.36114966361259326,0.6388503363874067,-0.2777006727748134,0.3876008064516129,10098089.868010404,6923661.333669355,1.458489862712376,7810379.656556484,-0.4413367235742826,7810379.656556484,90384777.0,0.0021062052456141175,354118707.0,805783831.4588251,0.019115507699661492
2025-11-13T03:20:13.890181+00:00,14903071385,27689371902,1511,3986,120,36,42592443287,-12786300517,0.5382235262593137,0.34989942428469917,0.6501005757153008,-0.30020115143060166,0.37907676869041645,9863051.8762409,6946656.2724535875,1.4198272506086198,7748306.946880116,-0.4502455885028197,7748306.946880116,-411507102.0,-0.009569053500379341,-317643890.0,703439336.586319,0.016624813820441762
2025-11-13T04:30:29.553703+00:00,14707160378,27716494214,1480,4000,120,36,42423654592,-13009333836,0.5306284504975813,0.34667358386359737,0.6533264161364026,-0.30665283227280526,0.37,9937270.525675675,6929123.5535,1.4341309472907604,7741542.808759124,-0.45985401459854014,7741542.808759124,-168788695.0,-0.003962878904660476,-489911020.0,504956910.0945389,0.011891647896389388
2025-11-13T05:24:24.407125+00:00,14862606357,27760235760,1491,4006,117,36,42622842117,-12897629403,0.5353919356267023,0.34870049998547825,0.6512995000145217,-0.3025990000290435,0.37219171243135296,9968213.519114688,6929664.443334998,1.43848430189173,7753837.023285428,-0.4575222848826633,7753837.023285428,199187525.0,0.004695199574757088,-381108272.0,281207273.55881894,0.006601339656229783
2025-11-13T06:35:21.250111+00:00,15854269891,27737973798,1469,4017,116,36,43592243689,-11883703907,0.5715727473988438,0.36369474359037507,0.636305256409625,-0.2726105128192499,0.3656957928802589,10792559.49012934,6905146.576549664,1.5629732650109975,7946088.897010572,-0.46445497630331756,7946088.897010572,969401572.0,0.022743710270164197,999800402.0,384597138.4203713,0.008998709496392912
2025-11-13T07:23:41.947034+00:00,15746183480,28096734274,1502,4018,117,36,43842917754,-12350550794,0.5604275331945292,0.35914999016148735,0.6408500098385126,-0.28170001967702524,0.37381781981085116,10483477.683089215,6992716.344947735,1.499199619424513,7942557.564130435,-0.4557971014492754,7942557.564130435,250674065.0,0.00575042814470352,1419263162.0,478853800.3404083,0.011162644614239114
2025-11-13T08:30:42.624495+00:00,15839872913,27852696921,1525,4032,119,36,43692569834,-12012824008,0.5687015859874333,0.3625301275063472,0.6374698724936528,-0.27493974498730556,0.37822420634920634,10386801.910163935,6907910.942708333,1.503609701443496,7862618.289364765,-0.45114270289724673,7862618.289364765,-150347920.0,-0.0034292407463297316,1069727717.0,507025133.0319048,0.011784592183934989
2025-11-13T09:27:47.599946+00:00,15875415807,27747215077,1509,4028,119,36,43622630884,-11871799270,0.5721444751462399,0.363926143042941,0.636073856957059,-0.272147713914118,0.3746276067527309,10520487.612326045,6888583.68346574,1.5272352192770409,7878387.372945638,-0.45493949792306304,7878387.372945638,-69938950.0,-0.0016007058011400373,30387195.0,520319843.67475605,0.012066313663434289
2025-11-13T10:26:36.398427+00:00,15562062758,27172468045,1511,4034,119,36,42734530803,-11610405287,0.5727143641213545,0.36415663084588096,0.635843369154119,-0.2716867383082381,0.3745661874070402,10299181.17670417,6735862.1826970745,1.5290071110956613,7706858.575834084,-0.45500450856627594,7706858.575834084,-888100081.0,-0.020358700587353597,-1108386951.0,531102556.52108306,0.012321383036715034
2025-11-13T11:22:12.842958+00:00,15645418799,27048033233,1537,4042,119,36,42693452032,-11402614434,0.5784309219167839,0.3664594464573466,0.6335405535426534,-0.26708110708530675,0.380257298367145,10179192.45217957,6691744.98589807,1.5211566599789463,7652527.698870765,-0.4490051980641692,7652527.698870765,-41078771.0,-0.0009612547564723991,-999117802.0,544276083.323531,0.012633455331935911
2025-11-13T12:45:06.068231+00:00,15550962623,27123333603,1538,4035,120,36,42674296226,-11572370980,0.5733426005304884,0.3644105233896119,0.6355894766103881,-0.2711789532207762,0.3811648079306072,10111159.0526658,6722015.762825279,1.5041855612097013,7657329.306657096,-0.44805311322447516,7657329.306657096,-19155806.0,-0.0004486825283100125,-948334658.0,559312373.7072372,0.012992411422419957
2025-11-13T13:38:54.371507+00:00,15530245203,28117246113,1523,4033,120,36,43647491316,-12587000910,0.5523387724596398,0.355810717517848,0.644189282482152,-0.288378564964304,0.37763451524919417,10197140.645436639,6971794.225886437,1.4626278853117056,7855919.963282937,-0.45176385889128867,7855919.963282937,973195090.0,0.02280518194948146,912960513.0,563084217.0131383,0.013048050404093216
2025-11-13T14:23:52.747716+00:00,15542536335,28370043006,1539,4024,120,36,43912579341,-12827506671,0.5478502916514049,0.35394268722649025,0.6460573127735098,-0.2921146255470195,0.38245526838966204,10099113.927875243,7050209.494532803,1.4324558632912627,7893686.741146863,-0.4467014200970699,7893686.741146863,265088025.0,0.0060733851364059,1219127309.0,544869906.9854891,0.012582567457971873
2025-11-13T15:26:36.264842+00:00,14646710982,27245955107,1557,4032,121,36,41892666089,-12599244125,0.5375737765286482,0.3496247040205892,0.6503752959794108,-0.30075059195882153,0.3861607142857143,9407007.695568401,6757429.342013889,1.3920985658082914,7495556.645016998,-0.4428341384863124,7495556.645016998,-2019913252.0,-0.045998510730023576,-781630137.0,678713759.8523399,0.015699868529106743
2025-11-13T16:29:48.946460+00:00,14692446270,27084147366,1572,4011,121,36,41776593636,-12391701096,0.5424740188957957,0.3516908630228561,0.6483091369771439,-0.2966182739542877,0.3919222139117427,9346339.866412213,6752467.555721765,1.38413695279328,7482821.715206878,-0.4368619022031166,7482821.715206878,-116072453.0,-0.0027707105762475644,-1870897680.0,802726968.1870184,0.018646832110835326
2025-11-13T17:24:32.823709+00:00,14627102867,26885416047,1594,3966,121,35,41512518914,-12258313180,0.5440534318468232,0.3523540187311313,0.6476459812688686,-0.2952919625377373,0.40191628845184063,9176350.606649937,6778975.301815432,1.353648626539837,7466280.380215827,-0.4266187050359712,7466280.380215827,-264074722.0,-0.0063211166592682605,-2400060427.0,881072661.1447946,0.020578149331658226
2025-11-13T18:33:27.088629+00:00,14794208874,27770255259,1631,3959,120,35,42564464133,-12976046385,0.5327357900034202,0.3475718342834752,0.6524281657165248,-0.3048563314330496,0.41197272038393534,9070636.955242183,7014462.050770396,1.2931336558084248,7614394.299284437,-0.41645796064400714,7614394.299284437,1051945219.0,0.025340433356484036,671798044.0,826914163.5108258,0.019364255310825425
2025-11-13T19:20:24.999536+00:00,14745886242,27837822536,1624,3971,120,35,42583708778,-13091936294,0.5297068843272692,0.34627998981662583,0.6537200101833742,-0.30744002036674833,0.40896499622261395,9079979.213054188,7010280.1651976835,1.2952377079209274,7611029.272207328,-0.4194816800714924,7611029.272207328,19244645.0,0.00045212938520421147,807115142.0,761205989.1308377,0.017869008122096276
