Sell_Min,Sell_Median,Sell_Average,Sell_1st Percentile,Sell_Standard Deviation,Buy_Max,Buy_Median,Buy_Average,Buy_99th Percentile,Buy_Standard Deviation,Item,TypeID,Region,Timestamp
425.7,430.0,429.97,425.8,12.03,367.8,351.0,303.61,367.8,43.41,Caldari Navy Antimatter Charge S,23009,jita,2025-11-02 09:06:16
425.8,430.0,430.19,425.8,12.3,367.8,351.0,303.61,367.8,43.41,Caldari Navy Antimatter Charge S,23009,jita,2025-11-02 09:16:56
425.8,430.0,430.2,425.8,12.32,367.8,351.0,303.61,367.8,43.41,Caldari Navy Antimatter Charge S,23009,jita,2025-11-02 10:17:26
425.8,430.0,430.2,425.8,12.32,367.8,351.0,303.61,367.8,43.41,Caldari Navy Antimatter Charge S,23009,jita,2025-11-02 10:56:02
425.8,430.0,430.2,425.8,12.32,367.8,351.0,303.61,367.8,43.41,Caldari Navy Antimatter Charge S,23009,jita,2025-11-02 11:08:05
425.8,430.0,430.21,425.8,12.33,367.9,351.0,303.85,367.9,43.5,Caldari Navy Antimatter Charge S,23009,jita,2025-11-02 11:14:03
425.8,430.0,430.23,425.8,12.35,367.9,351.0,303.85,367.9,43.5,Caldari Navy Antimatter Charge S,23009,jita,2025-11-02 12:32:47
425.7,430.0,430.21,425.7,12.33,369.1,351.0,304.35,369.1,43.71,Caldari Navy Antimatter Charge S,23009,jita,2025-11-02 13:22:43
425.7,430.0,430.14,425.7,12.24,369.2,351.0,304.75,369.1,43.59,Caldari Navy Antimatter Charge S,23009,jita,2025-11-02 14:15:40
425.8,430.0,430.3,425.8,12.44,369.2,351.0,304.69,369.1,43.61,Caldari Navy Antimatter Charge S,23009,jita,2025-11-02 15:16:47
420.0,430.0,430.58,425.8,12.76,369.2,351.0,304.66,369.1,43.61,Caldari Navy Antimatter Charge S,23009,jita,2025-11-02 16:19:54
425.8,430.0,430.61,425.8,12.8,369.2,351.0,304.34,369.1,43.71,Caldari Navy Antimatter Charge S,23009,jita,2025-11-02 17:15:26
426.0,430.0,430.72,426.0,12.92,369.2,351.0,304.28,369.1,43.73,Caldari Navy Antimatter Charge S,23009,jita,2025-11-02 18:22:30
369.2,430.0,430.69,426.0,13.22,369.1,351.0,304.27,369.1,43.73,Caldari Navy Antimatter Charge S,23009,jita,2025-11-02 19:14:03
426.0,433.0,431.47,426.0,13.75,369.1,351.0,304.19,369.1,43.76,Caldari Navy Antimatter Charge S,23009,jita,2025-11-02 20:18:43
426.0,433.0,431.55,426.0,13.83,369.1,351.0,304.06,369.1,43.8,Caldari Navy Antimatter Charge S,23009,jita,2025-11-02 21:15:30
425.9,433.0,431.58,426.0,13.86,369.1,351.0,304.01,369.1,43.81,Caldari Navy Antimatter Charge S,23009,jita,2025-11-02 22:16:32
426.0,433.0,431.61,426.0,13.89,369.2,351.0,304.89,369.2,43.54,Caldari Navy Antimatter Charge S,23009,jita,2025-11-02 23:16:12
425.7,433.0,431.57,425.9,13.85,369.2,351.0,304.85,369.2,43.56,Caldari Navy Antimatter Charge S,23009,jita,2025-11-03 01:25:17
425.9,433.0,431.66,426.0,13.94,369.2,351.0,304.78,369.2,43.58,Caldari Navy Antimatter Charge S,23009,jita,2025-11-03 03:16:59
426.0,433.0,431.88,426.0,14.17,369.2,351.0,304.69,369.2,43.61,Caldari Navy Antimatter Charge S,23009,jita,2025-11-03 04:27:58
425.0,433.0,431.23,425.0,13.63,369.2,351.0,304.69,369.2,43.61,Caldari Navy Antimatter Charge S,23009,jita,2025-11-03 05:19:42
425.0,433.0,431.75,425.0,14.06,369.2,351.0,302.53,369.1,44.28,Caldari Navy Antimatter Charge S,23009,jita,2025-11-03 06:29:35
425.0,433.0,431.83,426.0,14.13,369.2,351.0,302.52,369.1,44.29,Caldari Navy Antimatter Charge S,23009,jita,2025-11-03 07:19:26
426.0,433.0,431.88,426.0,14.17,425.0,351.0,304.34,381.4,45.54,Caldari Navy Antimatter Charge S,23009,jita,2025-11-03 08:27:02
426.0,433.0,431.97,426.0,14.25,381.5,351.0,304.83,381.4,45.42,Caldari Navy Antimatter Charge S,23009,jita,2025-11-03 09:22:47
426.0,433.0,432.04,426.0,14.32,381.5,351.0,304.9,381.4,45.41,Caldari Navy Antimatter Charge S,23009,jita,2025-11-03 10:22:13
425.0,433.0,432.1,426.0,14.38,381.5,351.0,304.85,381.4,45.42,Caldari Navy Antimatter Charge S,23009,jita,2025-11-03 11:16:38
430.0,433.0,432.52,430.0,15.21,381.5,351.0,304.85,381.4,45.42,Caldari Navy Antimatter Charge S,23009,jita,2025-11-03 12:39:09
430.0,433.0,432.52,430.0,15.21,381.5,351.0,304.79,381.4,45.43,Caldari Navy Antimatter Charge S,23009,jita,2025-11-03 13:30:28
430.0,433.0,432.72,430.0,15.76,381.5,351.0,304.79,381.4,45.43,Caldari Navy Antimatter Charge S,23009,jita,2025-11-03 14:19:20
420.0,433.0,432.63,420.0,15.91,381.6,351.0,304.84,381.5,45.46,Caldari Navy Antimatter Charge S,23009,jita,2025-11-03 15:20:22
420.0,433.0,432.75,430.0,15.93,381.6,351.0,304.84,381.5,45.46,Caldari Navy Antimatter Charge S,23009,jita,2025-11-03 16:22:13
430.0,433.0,432.99,430.0,16.5,381.6,351.0,304.84,381.5,45.46,Caldari Navy Antimatter Charge S,23009,jita,2025-11-03 17:17:20
429.9,433.0,433.02,430.0,16.58,381.6,351.0,304.84,381.5,45.46,Caldari Navy Antimatter Charge S,23009,jita,2025-11-03 18:26:37
430.0,433.0,433.1,430.0,16.78,381.7,351.0,304.87,381.5,45.45,Caldari Navy Antimatter Charge S,23009,jita,2025-11-03 19:15:17
430.0,433.0,433.11,430.0,16.82,381.6,351.0,304.84,381.5,45.46,Caldari Navy Antimatter Charge S,23009,jita,2025-11-03 20:21:56
430.0,433.0,433.31,430.0,17.33,381.6,351.0,304.84,381.5,45.46,Caldari Navy Antimatter Charge S,23009,jita,2025-11-03 21:17:52
430.0,433.0,433.39,430.0,17.52,381.6,351.0,304.84,381.5,45.46,Caldari Navy Antimatter Charge S,23009,jita,2025-11-03 22:18:29
430.0,433.0,433.45,430.0,17.66,381.6,351.0,304.84,381.5,45.46,Caldari Navy Antimatter Charge S,23009,jita,2025-11-03 23:17:12
431.7,433.0,433.41,431.7,17.36,381.7,351.0,305.26,381.7,45.83,Caldari Navy Antimatter Charge S,23009,jita,2025-11-04 01:22:02
431.7,433.0,433.42,431.7,17.4,382.0,351.0,305.33,381.7,45.82,Caldari Navy Antimatter Charge S,23009,jita,2025-11-04 03:09:59
433.0,433.0,433.6,433.0,19.2,381.7,351.0,304.86,381.7,45.91,Caldari Navy Antimatter Charge S,23009,jita,2025-11-04 04:21:52
433.0,433.0,433.61,433.0,19.36,381.7,351.0,304.79,381.7,45.93,Caldari Navy Antimatter Charge S,23009,jita,2025-11-04 05:19:01
433.0,433.0,433.61,433.0,19.4,381.7,351.0,304.79,381.7,45.93,Caldari Navy Antimatter Charge S,23009,jita,2025-11-04 06:28:34
433.0,433.0,433.61,433.0,19.42,381.7,351.0,304.76,381.7,45.94,Caldari Navy Antimatter Charge S,23009,jita,2025-11-04 07:18:48
433.0,433.0,433.69,433.0,20.61,381.7,351.0,304.69,381.7,45.95,Caldari Navy Antimatter Charge S,23009,jita,2025-11-04 08:26:19
433.0,433.0,433.7,433.0,20.71,381.7,351.0,303.85,381.7,46.12,Caldari Navy Antimatter Charge S,23009,jita,2025-11-04 09:22:01
381.8,433.0,433.57,432.9,22.0,381.7,351.0,303.74,381.7,46.14,Caldari Navy Antimatter Charge S,23009,jita,2025-11-04 10:22:40
381.8,433.0,433.57,432.9,22.0,381.7,351.0,303.74,381.7,46.14,Caldari Navy Antimatter Charge S,23009,jita,2025-11-04 11:17:22
432.9,433.0,433.78,433.0,21.85,381.7,351.0,303.74,381.7,46.14,Caldari Navy Antimatter Charge S,23009,jita,2025-11-04 12:40:50
433.0,433.0,433.78,433.0,21.95,381.7,351.0,303.74,381.7,46.14,Caldari Navy Antimatter Charge S,23009,jita,2025-11-04 13:33:36
433.0,433.0,433.81,433.0,22.31,381.7,351.0,303.74,381.7,46.14,Caldari Navy Antimatter Charge S,23009,jita,2025-11-04 14:19:57
433.0,433.0,433.86,433.0,23.03,381.7,351.0,303.74,381.7,46.14,Caldari Navy Antimatter Charge S,23009,jita,2025-11-04 15:20:51
433.0,433.0,433.98,433.0,24.49,381.7,351.0,303.74,381.7,46.14,Caldari Navy Antimatter Charge S,23009,jita,2025-11-04 16:23:26
429.0,433.0,433.92,429.0,24.41,381.7,351.0,303.74,381.7,46.14,Caldari Navy Antimatter Charge S,23009,jita,2025-11-04 17:15:11
433.0,433.0,434.12,433.0,26.16,381.7,351.0,303.74,381.7,46.14,Caldari Navy Antimatter Charge S,23009,jita,2025-11-04 18:27:29
432.0,433.0,433.78,432.0,24.15,381.7,351.0,303.74,381.7,46.14,Caldari Navy Antimatter Charge S,23009,jita,2025-11-04 19:15:14
432.0,433.0,433.87,432.0,24.76,381.7,351.0,303.74,381.7,46.14,Caldari Navy Antimatter Charge S,23009,jita,2025-11-04 20:21:49
432.0,433.0,433.88,432.0,24.81,381.7,351.0,303.74,381.7,46.14,Caldari Navy Antimatter Charge S,23009,jita,2025-11-04 21:17:45
432.0,433.0,434.04,432.0,25.85,381.7,351.0,303.74,381.7,46.14,Caldari Navy Antimatter Charge S,23009,jita,2025-11-04 22:17:52
433.0,433.0,434.15,433.0,26.52,381.7,351.0,303.74,381.7,46.14,Caldari Navy Antimatter Charge S,23009,jita,2025-11-04 23:17:50
433.0,433.0,434.15,433.0,26.52,381.7,351.0,303.74,381.7,46.14,Caldari Navy Antimatter Charge S,23009,jita,2025-11-05 00:06:53
432.9,433.0,433.96,432.9,24.47,381.7,351.0,303.74,381.7,46.14,Caldari Navy Antimatter Charge S,23009,jita,2025-11-05 00:17:27
432.9,433.0,433.96,432.9,24.47,381.7,351.0,303.74,381.7,46.14,Caldari Navy Antimatter Charge S,23009,jita,2025-11-05 00:28:39
432.9,433.0,434.11,432.9,26.1,382.0,351.0,303.75,382.0,46.15,Caldari Navy Antimatter Charge S,23009,jita,2025-11-05 01:23:38
432.9,433.0,434.12,432.9,26.24,381.6,351.0,301.47,381.5,46.58,Caldari Navy Antimatter Charge S,23009,jita,2025-11-05 03:11:18
433.0,433.0,436.46,433.0,45.82,381.6,351.0,301.47,381.5,46.58,Caldari Navy Antimatter Charge S,23009,jita,2025-11-05 04:22:38
433.0,577.0,571.04,433.0,29.09,381.6,351.0,301.47,381.5,46.58,Caldari Navy Antimatter Charge S,23009,jita,2025-11-05 05:19:27
433.0,577.0,571.71,433.0,27.7,381.6,351.0,301.47,381.5,46.58,Caldari Navy Antimatter Charge S,23009,jita,2025-11-05 06:29:03
433.0,577.0,572.11,433.0,26.84,381.6,351.0,301.47,381.5,46.58,Caldari Navy Antimatter Charge S,23009,jita,2025-11-05 07:18:55
431.0,577.0,574.3,433.0,21.41,381.6,351.0,301.47,381.5,46.58,Caldari Navy Antimatter Charge S,23009,jita,2025-11-05 08:26:16
433.0,577.0,576.57,577.0,13.41,390.1,351.0,304.43,390.1,46.28,Caldari Navy Antimatter Charge S,23009,jita,2025-11-05 09:21:09
390.3,577.0,575.96,577.0,16.83,390.1,351.0,304.43,390.1,46.28,Caldari Navy Antimatter Charge S,23009,jita,2025-11-05 10:21:28
390.3,577.0,576.58,577.0,13.72,390.1,351.0,304.43,390.1,46.28,Caldari Navy Antimatter Charge S,23009,jita,2025-11-05 11:17:28
437.1,577.0,576.89,576.9,11.43,390.1,351.0,304.43,390.1,46.28,Caldari Navy Antimatter Charge S,23009,jita,2025-11-05 12:39:12
576.9,577.0,577.22,576.9,9.66,390.1,351.0,304.43,390.1,46.28,Caldari Navy Antimatter Charge S,23009,jita,2025-11-05 13:16:55
576.9,577.0,577.22,576.9,9.66,390.1,351.0,304.43,390.1,46.28,Caldari Navy Antimatter Charge S,23009,jita,2025-11-05 13:32:01
576.9,577.0,577.23,576.9,9.82,390.1,351.0,304.43,390.1,46.28,Caldari Navy Antimatter Charge S,23009,jita,2025-11-05 14:19:34
576.9,577.0,577.24,576.9,9.93,390.1,351.0,304.43,390.1,46.28,Caldari Navy Antimatter Charge S,23009,jita,2025-11-05 15:19:59
577.0,577.0,577.25,577.0,9.99,390.1,351.0,304.43,390.1,46.28,Caldari Navy Antimatter Charge S,23009,jita,2025-11-05 16:24:57
576.0,577.0,577.24,577.0,9.99,390.1,351.0,304.43,390.1,46.28,Caldari Navy Antimatter Charge S,23009,jita,2025-11-05 17:18:41
577.0,577.0,577.25,577.0,10.0,390.1,351.0,304.43,390.1,46.28,Caldari Navy Antimatter Charge S,23009,jita,2025-11-05 18:27:24
577.0,577.0,577.26,577.0,10.33,390.1,351.0,304.43,390.1,46.28,Caldari Navy Antimatter Charge S,23009,jita,2025-11-05 19:15:50
577.0,577.0,577.26,577.0,10.36,390.1,351.0,304.43,390.1,46.28,Caldari Navy Antimatter Charge S,23009,jita,2025-11-05 20:21:34
576.0,577.0,577.26,577.0,10.36,390.1,381.4,333.81,390.1,38.26,Caldari Navy Antimatter Charge S,23009,jita,2025-11-05 21:18:05
577.0,577.0,577.27,577.0,10.43,395.2,381.4,334.27,395.1,38.34,Caldari Navy Antimatter Charge S,23009,jita,2025-11-05 22:17:43
577.0,577.0,577.28,577.0,10.69,395.2,381.4,334.26,395.1,38.34,Caldari Navy Antimatter Charge S,23009,jita,2025-11-05 23:17:50
577.0,577.0,577.29,577.0,10.78,395.2,381.4,334.2,395.1,38.35,Caldari Navy Antimatter Charge S,23009,jita,2025-11-06 00:13:52
577.0,577.0,577.29,577.0,10.8,395.2,381.4,334.2,395.1,38.35,Caldari Navy Antimatter Charge S,23009,jita,2025-11-06 00:52:38
576.9,577.0,577.18,576.9,9.14,395.2,381.4,334.2,395.1,38.35,Caldari Navy Antimatter Charge S,23009,jita,2025-11-06 01:23:26
576.9,577.0,577.18,576.9,9.17,395.1,381.4,334.1,390.1,38.36,Caldari Navy Antimatter Charge S,23009,jita,2025-11-06 03:14:07
576.9,577.0,577.18,576.9,9.23,395.1,381.4,334.09,390.1,38.36,Caldari Navy Antimatter Charge S,23009,jita,2025-11-06 04:25:45
576.9,577.0,577.18,576.9,9.26,395.2,381.4,335.91,395.2,38.14,Caldari Navy Antimatter Charge S,23009,jita,2025-11-06 05:19:39
576.9,577.0,577.19,576.9,9.27,395.2,381.4,335.91,395.2,38.14,Caldari Navy Antimatter Charge S,23009,jita,2025-11-06 06:29:14
576.9,577.0,577.2,576.9,9.52,395.2,381.4,335.89,395.2,38.14,Caldari Navy Antimatter Charge S,23009,jita,2025-11-06 07:18:30
576.0,577.0,577.16,576.0,9.36,408.2,381.5,338.14,408.2,40.0,Caldari Navy Antimatter Charge S,23009,jita,2025-11-06 08:26:07
576.0,577.0,577.16,576.0,9.37,408.2,381.5,341.03,408.2,39.94,Caldari Navy Antimatter Charge S,23009,jita,2025-11-06 09:21:10
576.0,577.0,577.16,576.0,9.38,408.2,381.5,341.03,408.2,39.94,Caldari Navy Antimatter Charge S,23009,jita,2025-11-06 10:22:11
576.0,577.0,577.19,576.0,9.47,408.2,381.5,340.93,408.2,39.94,Caldari Navy Antimatter Charge S,23009,jita,2025-11-06 12:27:39
576.0,577.0,577.19,576.0,9.47,408.2,381.5,340.93,408.2,39.94,Caldari Navy Antimatter Charge S,23009,jita,2025-11-06 12:38:38
576.9,577.0,577.2,576.9,9.54,408.3,381.5,341.48,408.2,39.92,Caldari Navy Antimatter Charge S,23009,jita,2025-11-06 13:31:18
576.0,576.1,576.37,576.0,8.24,408.4,381.5,341.61,408.4,40.08,Caldari Navy Antimatter Charge S,23009,jita,2025-11-06 14:19:38
575.2,575.2,575.85,575.2,8.3,408.5,381.5,341.6,408.4,40.11,Caldari Navy Antimatter Charge S,23009,jita,2025-11-06 15:21:35
575.0,575.2,575.78,575.0,7.96,408.5,381.5,341.6,408.4,40.11,Caldari Navy Antimatter Charge S,23009,jita,2025-11-06 16:25:46
575.0,575.2,575.79,575.0,8.01,408.5,381.5,341.6,408.4,40.11,Caldari Navy Antimatter Charge S,23009,jita,2025-11-06 17:18:49
575.0,575.2,575.8,575.0,8.06,408.5,381.5,341.6,408.4,40.11,Caldari Navy Antimatter Charge S,23009,jita,2025-11-06 18:28:20
575.0,575.2,575.8,575.0,8.07,408.6,381.5,342.17,408.5,40.08,Caldari Navy Antimatter Charge S,23009,jita,2025-11-06 19:16:03
575.0,575.2,575.81,575.0,8.08,408.6,381.5,342.17,408.5,40.08,Caldari Navy Antimatter Charge S,23009,jita,2025-11-06 20:21:28
574.9,575.2,575.57,574.9,8.28,410.2,408.2,352.71,410.2,44.64,Caldari Navy Antimatter Charge S,23009,jita,2025-11-06 21:17:35
574.9,575.2,575.57,574.9,8.29,410.2,408.2,352.71,410.2,44.64,Caldari Navy Antimatter Charge S,23009,jita,2025-11-06 22:18:06
574.9,575.2,575.59,574.9,8.4,410.2,408.2,352.71,410.2,44.64,Caldari Navy Antimatter Charge S,23009,jita,2025-11-06 23:17:41
574.9,575.2,575.59,574.9,8.44,410.3,408.2,353.58,410.3,44.41,Caldari Navy Antimatter Charge S,23009,jita,2025-11-07 01:22:56
569.9,575.2,575.57,574.9,8.44,410.4,408.2,353.58,410.3,44.43,Caldari Navy Antimatter Charge S,23009,jita,2025-11-07 03:10:42
574.9,575.2,575.62,574.9,8.6,410.4,408.2,353.58,410.3,44.43,Caldari Navy Antimatter Charge S,23009,jita,2025-11-07 04:21:21
574.9,575.2,575.62,574.9,8.61,410.4,408.2,353.58,410.3,44.43,Caldari Navy Antimatter Charge S,23009,jita,2025-11-07 05:19:08
574.9,575.2,575.63,574.9,8.66,410.4,408.2,353.58,410.3,44.43,Caldari Navy Antimatter Charge S,23009,jita,2025-11-07 06:28:57
574.9,575.2,575.65,574.9,8.79,410.8,408.2,353.69,410.8,44.5,Caldari Navy Antimatter Charge S,23009,jita,2025-11-07 08:26:07
574.9,575.2,575.68,574.9,8.97,410.8,408.2,353.69,410.8,44.5,Caldari Navy Antimatter Charge S,23009,jita,2025-11-07 09:19:29
574.9,575.2,575.72,574.9,9.19,410.8,408.2,353.69,410.8,44.5,Caldari Navy Antimatter Charge S,23009,jita,2025-11-07 10:21:19
574.9,575.2,575.72,574.9,9.19,410.8,408.2,353.69,410.8,44.5,Caldari Navy Antimatter Charge S,23009,jita,2025-11-07 11:16:29
472.3,575.2,575.23,574.9,11.43,410.8,408.2,353.69,410.8,44.5,Caldari Navy Antimatter Charge S,23009,jita,2025-11-07 12:38:00
472.3,575.2,575.64,574.9,9.57,410.8,408.2,353.69,410.8,44.5,Caldari Navy Antimatter Charge S,23009,jita,2025-11-07 13:28:05
574.9,575.2,575.74,574.9,9.28,412.4,408.2,353.69,410.8,44.51,Caldari Navy Antimatter Charge S,23009,jita,2025-11-07 14:19:19
574.4,574.4,575.07,574.4,6.6,412.5,408.2,353.7,412.4,44.52,Caldari Navy Antimatter Charge S,23009,jita,2025-11-07 15:19:46
574.3,574.4,575.06,574.3,6.61,412.5,408.2,353.67,412.4,44.53,Caldari Navy Antimatter Charge S,23009,jita,2025-11-07 16:20:03
574.3,574.4,575.06,574.3,6.62,412.5,408.2,353.67,412.4,44.53,Caldari Navy Antimatter Charge S,23009,jita,2025-11-07 17:16:56
574.2,574.4,575.06,574.3,6.62,412.5,408.2,353.67,412.4,44.53,Caldari Navy Antimatter Charge S,23009,jita,2025-11-07 18:26:23
574.3,574.4,575.06,574.3,6.63,424.7,410.2,354.86,424.7,45.57,Caldari Navy Antimatter Charge S,23009,jita,2025-11-07 19:15:58
574.0,574.4,574.99,574.0,6.4,424.7,410.2,354.78,424.7,45.58,Caldari Navy Antimatter Charge S,23009,jita,2025-11-07 20:19:21
574.0,574.4,574.99,574.0,6.42,424.7,410.2,354.41,424.7,45.6,Caldari Navy Antimatter Charge S,23009,jita,2025-11-07 21:13:55
574.0,574.4,574.99,574.0,6.42,424.7,410.2,354.39,424.7,45.6,Caldari Navy Antimatter Charge S,23009,jita,2025-11-07 22:17:42
574.0,574.4,575.0,574.0,6.43,424.7,410.2,354.39,424.7,45.6,Caldari Navy Antimatter Charge S,23009,jita,2025-11-07 23:17:03
573.9,574.4,574.71,573.9,6.43,424.7,410.2,354.29,424.7,45.61,Caldari Navy Antimatter Charge S,23009,jita,2025-11-08 01:18:46
573.9,574.4,574.71,573.9,6.45,424.7,410.2,354.2,424.7,45.62,Caldari Navy Antimatter Charge S,23009,jita,2025-11-08 03:01:52
573.9,574.4,574.72,573.9,6.48,424.7,410.2,354.14,424.7,45.62,Caldari Navy Antimatter Charge S,23009,jita,2025-11-08 04:21:26
570.0,574.4,574.72,573.9,6.48,424.7,410.2,354.13,424.7,45.62,Caldari Navy Antimatter Charge S,23009,jita,2025-11-08 05:17:49
424.8,574.0,573.97,573.2,6.68,424.7,410.2,353.97,424.7,45.64,Caldari Navy Antimatter Charge S,23009,jita,2025-11-08 06:25:26
573.2,574.0,574.0,573.2,6.42,424.7,410.2,353.93,424.7,45.64,Caldari Navy Antimatter Charge S,23009,jita,2025-11-08 07:17:00
572.9,573.2,573.34,573.0,6.42,424.7,410.2,353.93,424.7,45.64,Caldari Navy Antimatter Charge S,23009,jita,2025-11-08 08:22:09
573.0,573.2,573.34,573.0,6.43,425.3,410.2,358.57,425.3,45.34,Caldari Navy Antimatter Charge S,23009,jita,2025-11-08 09:17:28
573.0,573.2,573.34,573.0,6.46,425.4,410.2,359.61,425.4,46.03,Caldari Navy Antimatter Charge S,23009,jita,2025-11-08 10:17:42
475.0,573.0,556.8,475.0,36.15,425.4,410.2,359.59,425.4,46.03,Caldari Navy Antimatter Charge S,23009,jita,2025-11-08 11:14:34
474.9,573.0,555.86,474.9,36.95,425.4,410.2,359.57,425.4,46.04,Caldari Navy Antimatter Charge S,23009,jita,2025-11-08 12:33:30
474.9,573.0,556.02,474.9,36.8,425.4,410.2,359.51,425.4,46.04,Caldari Navy Antimatter Charge S,23009,jita,2025-11-08 13:23:18
475.0,573.0,557.54,475.0,35.47,425.6,410.2,359.67,425.6,46.2,Caldari Navy Antimatter Charge S,23009,jita,2025-11-08 14:15:59
475.0,573.0,559.19,475.0,33.9,425.6,410.2,359.65,425.6,46.21,Caldari Navy Antimatter Charge S,23009,jita,2025-11-08 15:17:12
474.9,573.0,561.37,475.0,31.62,426.1,410.2,359.63,425.9,46.24,Caldari Navy Antimatter Charge S,23009,jita,2025-11-08 16:20:55
475.0,573.0,561.71,475.0,31.23,426.1,410.2,359.53,425.9,46.25,Caldari Navy Antimatter Charge S,23009,jita,2025-11-08 17:15:08
475.0,573.0,561.81,475.0,31.11,426.3,410.2,359.67,426.2,46.24,Caldari Navy Antimatter Charge S,23009,jita,2025-11-08 18:24:16
475.0,573.0,564.31,475.0,27.97,426.4,410.2,359.81,426.4,46.47,Caldari Navy Antimatter Charge S,23009,jita,2025-11-08 19:14:27
475.0,573.0,565.54,475.0,26.24,426.5,410.2,359.73,426.5,46.52,Caldari Navy Antimatter Charge S,23009,jita,2025-11-08 20:18:43
475.0,573.0,565.89,475.0,25.72,426.6,410.2,359.73,426.5,46.52,Caldari Navy Antimatter Charge S,23009,jita,2025-11-08 21:15:32
474.9,573.0,565.96,475.0,25.61,426.6,410.2,359.7,426.5,46.52,Caldari Navy Antimatter Charge S,23009,jita,2025-11-08 22:15:51
475.0,573.0,571.71,475.0,13.49,426.6,410.2,359.68,426.5,46.52,Caldari Navy Antimatter Charge S,23009,jita,2025-11-08 23:16:02
572.7,573.0,573.21,572.7,6.49,426.6,410.2,359.64,426.5,46.53,Caldari Navy Antimatter Charge S,23009,jita,2025-11-09 01:26:27
572.6,573.0,573.23,572.6,6.62,426.5,410.2,359.47,426.5,46.55,Caldari Navy Antimatter Charge S,23009,jita,2025-11-09 03:13:01
572.6,573.0,573.23,572.7,6.66,426.5,410.2,359.45,426.5,46.55,Caldari Navy Antimatter Charge S,23009,jita,2025-11-09 04:21:08
572.6,573.0,573.23,572.7,6.66,426.5,410.2,358.97,426.5,46.87,Caldari Navy Antimatter Charge S,23009,jita,2025-11-09 05:17:45
572.7,573.0,573.25,572.7,6.74,426.0,410.2,353.31,426.0,47.65,Caldari Navy Antimatter Charge S,23009,jita,2025-11-09 06:25:58
572.6,573.0,573.19,572.6,6.43,426.0,410.2,353.31,426.0,47.65,Caldari Navy Antimatter Charge S,23009,jita,2025-11-09 07:17:18
572.6,573.0,573.17,572.6,6.32,426.0,410.2,353.11,426.0,47.67,Caldari Navy Antimatter Charge S,23009,jita,2025-11-09 08:21:15
572.3,573.0,573.14,572.3,6.3,426.2,410.2,353.17,426.0,47.66,Caldari Navy Antimatter Charge S,23009,jita,2025-11-09 09:17:19
571.7,573.0,573.01,571.7,6.1,426.2,410.2,353.14,426.0,47.67,Caldari Navy Antimatter Charge S,23009,jita,2025-11-09 10:17:24
571.5,573.0,573.0,571.5,6.12,426.0,410.2,353.11,426.0,47.67,Caldari Navy Antimatter Charge S,23009,jita,2025-11-09 11:14:10
571.5,573.0,573.02,571.5,6.15,426.3,410.2,353.09,426.0,47.67,Caldari Navy Antimatter Charge S,23009,jita,2025-11-09 12:34:07
571.4,573.0,572.91,571.4,6.18,426.4,410.2,352.92,426.3,47.69,Caldari Navy Antimatter Charge S,23009,jita,2025-11-09 13:23:49
571.1,573.0,572.65,571.2,5.73,426.4,410.2,352.91,426.3,47.69,Caldari Navy Antimatter Charge S,23009,jita,2025-11-09 14:15:19
571.1,573.0,572.65,571.1,5.83,450.1,410.2,356.82,450.1,50.19,Caldari Navy Antimatter Charge S,23009,jita,2025-11-09 15:16:42
571.1,573.0,572.66,571.1,5.84,450.2,410.2,357.52,450.1,50.3,Caldari Navy Antimatter Charge S,23009,jita,2025-11-09 16:20:24
571.1,573.0,572.67,571.1,5.85,455.0,410.2,357.52,455.0,50.45,Caldari Navy Antimatter Charge S,23009,jita,2025-11-09 17:14:39
571.0,573.0,572.69,571.1,5.9,456.0,410.2,357.8,456.0,50.95,Caldari Navy Antimatter Charge S,23009,jita,2025-11-09 18:23:51
570.9,573.0,572.62,570.9,5.98,456.0,410.2,357.7,456.0,50.93,Caldari Navy Antimatter Charge S,23009,jita,2025-11-09 19:13:50
570.0,573.0,572.62,570.9,5.99,456.1,410.2,357.71,456.1,51.02,Caldari Navy Antimatter Charge S,23009,jita,2025-11-09 20:19:04
570.9,573.0,572.62,570.9,5.98,456.1,410.2,357.32,456.1,50.94,Caldari Navy Antimatter Charge S,23009,jita,2025-11-09 21:15:40
570.6,573.0,572.59,570.6,5.97,456.1,410.2,357.24,456.1,50.92,Caldari Navy Antimatter Charge S,23009,jita,2025-11-09 22:17:16
570.5,573.0,572.58,570.6,5.98,456.1,410.2,357.13,456.1,50.89,Caldari Navy Antimatter Charge S,23009,jita,2025-11-09 23:16:57
570.2,573.0,572.54,570.2,5.93,456.1,410.2,356.9,456.1,50.84,Caldari Navy Antimatter Charge S,23009,jita,2025-11-10 01:26:00
567.2,573.0,572.46,567.2,5.93,456.1,410.2,356.58,456.1,50.77,Caldari Navy Antimatter Charge S,23009,jita,2025-11-10 03:18:59
567.1,573.0,572.47,567.2,5.97,456.1,410.2,356.51,456.1,50.76,Caldari Navy Antimatter Charge S,23009,jita,2025-11-10 04:26:43
567.0,573.0,572.47,567.2,5.99,456.2,424.7,370.99,456.2,61.91,Caldari Navy Antimatter Charge S,23009,jita,2025-11-10 05:20:14
567.0,573.0,572.36,567.1,6.06,456.2,424.7,370.84,456.2,61.93,Caldari Navy Antimatter Charge S,23009,jita,2025-11-10 06:30:46
565.0,571.2,570.28,565.9,6.66,456.2,424.7,370.82,456.2,61.93,Caldari Navy Antimatter Charge S,23009,jita,2025-11-10 07:19:17
565.0,571.2,570.29,565.9,6.67,456.2,424.7,370.81,456.2,61.93,Caldari Navy Antimatter Charge S,23009,jita,2025-11-10 08:27:14
565.0,571.2,570.31,565.9,6.67,456.2,424.7,370.8,456.2,61.93,Caldari Navy Antimatter Charge S,23009,jita,2025-11-10 09:22:50
565.0,571.2,570.32,565.9,6.67,456.2,424.7,370.8,456.2,61.93,Caldari Navy Antimatter Charge S,23009,jita,2025-11-10 10:22:06
565.7,571.2,570.15,565.7,6.73,456.3,424.7,371.13,456.2,62.11,Caldari Navy Antimatter Charge S,23009,jita,2025-11-10 11:16:55
565.7,571.2,570.16,565.7,6.74,456.3,424.7,370.9,456.2,62.14,Caldari Navy Antimatter Charge S,23009,jita,2025-11-10 12:39:19
565.5,571.2,570.18,565.7,6.75,456.3,424.7,370.9,456.2,62.14,Caldari Navy Antimatter Charge S,23009,jita,2025-11-10 13:31:14
565.0,571.2,569.99,565.3,6.83,456.3,424.7,370.84,456.2,62.15,Caldari Navy Antimatter Charge S,23009,jita,2025-11-10 14:19:47
564.1,567.2,568.98,564.1,6.61,456.3,424.7,370.63,456.2,62.18,Caldari Navy Antimatter Charge S,23009,jita,2025-11-10 15:21:23
563.8,567.1,568.95,563.9,6.65,456.6,424.7,370.41,456.6,62.22,Caldari Navy Antimatter Charge S,23009,jita,2025-11-10 16:25:26
563.7,570.3,568.97,563.9,6.66,456.8,424.7,370.07,456.8,62.3,Caldari Navy Antimatter Charge S,23009,jita,2025-11-10 17:17:34
563.9,570.3,568.98,563.9,6.66,457.2,424.7,370.03,457.2,62.32,Caldari Navy Antimatter Charge S,23009,jita,2025-11-10 18:27:14
563.8,571.2,569.02,563.8,6.77,457.4,424.7,369.96,457.4,62.33,Caldari Navy Antimatter Charge S,23009,jita,2025-11-10 19:16:08
561.0,565.9,568.67,561.0,6.75,457.4,424.7,369.93,457.4,62.33,Caldari Navy Antimatter Charge S,23009,jita,2025-11-10 20:22:25
560.8,565.9,568.61,560.9,6.8,457.9,424.7,369.94,457.9,62.34,Caldari Navy Antimatter Charge S,23009,jita,2025-11-10 21:18:03
560.7,565.9,568.59,560.7,6.83,457.9,424.7,369.94,457.9,62.34,Caldari Navy Antimatter Charge S,23009,jita,2025-11-10 22:19:02
560.9,570.3,568.81,561.0,6.8,457.9,424.7,369.94,457.9,62.34,Caldari Navy Antimatter Charge S,23009,jita,2025-11-10 23:18:31
560.9,571.2,568.66,560.9,6.96,457.9,424.7,369.94,457.9,62.34,Caldari Navy Antimatter Charge S,23009,jita,2025-11-11 01:23:48
560.6,571.2,568.77,560.9,6.96,458.1,424.7,370.06,457.9,62.45,Caldari Navy Antimatter Charge S,23009,jita,2025-11-11 03:13:34
560.9,571.2,568.88,560.9,6.94,458.1,424.7,369.94,457.9,62.47,Caldari Navy Antimatter Charge S,23009,jita,2025-11-11 04:23:43
560.9,571.2,568.89,560.9,6.94,458.1,424.7,369.67,457.9,62.5,Caldari Navy Antimatter Charge S,23009,jita,2025-11-11 05:19:18
560.9,571.2,568.9,560.9,6.91,458.1,424.7,369.86,457.9,62.67,Caldari Navy Antimatter Charge S,23009,jita,2025-11-11 06:29:40
560.9,571.2,568.92,560.9,6.91,458.1,424.7,369.85,457.9,62.67,Caldari Navy Antimatter Charge S,23009,jita,2025-11-11 07:19:16
525.0,571.2,568.57,560.9,7.85,456.2,424.7,361.19,456.2,63.51,Caldari Navy Antimatter Charge S,23009,jita,2025-11-11 08:25:52
525.0,571.2,568.81,560.9,7.23,456.2,424.7,361.18,456.2,63.51,Caldari Navy Antimatter Charge S,23009,jita,2025-11-11 09:21:37
525.0,571.2,568.87,560.9,7.04,456.2,424.7,361.15,456.2,63.52,Caldari Navy Antimatter Charge S,23009,jita,2025-11-11 10:21:38
560.9,571.2,568.92,560.9,6.9,456.2,424.7,361.01,456.2,63.53,Caldari Navy Antimatter Charge S,23009,jita,2025-11-11 11:17:24
560.8,565.9,568.38,560.8,6.97,456.2,424.7,360.91,456.2,63.53,Caldari Navy Antimatter Charge S,23009,jita,2025-11-11 12:38:33
559.9,564.3,566.99,559.9,7.86,456.2,424.7,360.89,456.2,63.53,Caldari Navy Antimatter Charge S,23009,jita,2025-11-11 13:30:12
559.7,569.0,567.17,559.7,7.91,456.3,408.6,359.07,456.3,63.66,Caldari Navy Antimatter Charge S,23009,jita,2025-11-11 14:19:40
558.7,564.3,565.75,558.7,7.94,456.3,408.6,359.04,456.2,63.66,Caldari Navy Antimatter Charge S,23009,jita,2025-11-11 15:20:33
555.1,562.9,564.35,555.1,8.4,456.3,408.6,359.04,456.2,63.66,Caldari Navy Antimatter Charge S,23009,jita,2025-11-11 16:24:27
555.0,561.0,564.07,555.1,8.43,456.5,408.6,358.6,456.2,63.69,Caldari Navy Antimatter Charge S,23009,jita,2025-11-11 17:17:32
554.7,559.9,563.77,554.7,8.48,456.5,408.6,358.56,456.2,63.69,Caldari Navy Antimatter Charge S,23009,jita,2025-11-11 18:26:55
554.7,559.9,563.83,554.7,8.48,458.1,408.6,359.04,456.2,63.67,Caldari Navy Antimatter Charge S,23009,jita,2025-11-11 19:15:22
554.7,559.9,563.87,554.7,8.48,458.1,408.6,358.8,456.2,63.68,Caldari Navy Antimatter Charge S,23009,jita,2025-11-11 20:20:50
525.0,559.9,563.62,554.7,9.0,456.5,408.6,358.56,456.2,63.69,Caldari Navy Antimatter Charge S,23009,jita,2025-11-11 21:17:46
523.9,559.9,561.78,524.0,12.17,456.5,408.6,358.56,456.2,63.69,Caldari Navy Antimatter Charge S,23009,jita,2025-11-11 22:18:23
520.0,559.9,561.87,523.9,12.09,456.5,408.6,358.56,456.2,63.69,Caldari Navy Antimatter Charge S,23009,jita,2025-11-11 23:17:31
520.0,559.9,561.45,521.4,12.68,456.5,408.6,358.56,456.2,63.69,Caldari Navy Antimatter Charge S,23009,jita,2025-11-12 01:23:12
521.4,559.9,561.67,523.9,12.36,456.5,408.6,358.56,456.2,63.69,Caldari Navy Antimatter Charge S,23009,jita,2025-11-12 03:12:02
519.0,559.9,560.12,519.0,14.47,456.5,408.6,358.56,456.2,63.69,Caldari Navy Antimatter Charge S,23009,jita,2025-11-12 04:23:37
518.5,559.9,559.89,519.0,14.75,456.2,355.3,354.6,456.2,63.85,Caldari Navy Antimatter Charge S,23009,jita,2025-11-12 05:19:57
518.5,559.9,559.98,519.0,14.65,456.2,351.0,347.34,456.2,63.86,Caldari Navy Antimatter Charge S,23009,jita,2025-11-12 06:29:08
518.3,559.9,560.0,518.3,14.66,456.2,351.0,347.31,456.2,63.86,Caldari Navy Antimatter Charge S,23009,jita,2025-11-12 07:19:22
518.3,559.9,560.4,518.3,14.15,456.2,351.0,347.28,456.2,63.86,Caldari Navy Antimatter Charge S,23009,jita,2025-11-12 08:26:26
518.3,559.9,560.46,518.3,14.08,456.2,351.0,315.35,456.2,58.41,Caldari Navy Antimatter Charge S,23009,jita,2025-11-12 09:21:35
518.3,559.9,560.47,518.3,14.07,456.2,351.0,315.27,456.2,58.39,Caldari Navy Antimatter Charge S,23009,jita,2025-11-12 10:22:01
518.2,559.9,558.95,518.2,16.31,456.2,351.0,315.14,456.2,58.34,Caldari Navy Antimatter Charge S,23009,jita,2025-11-12 11:17:05
515.9,558.8,551.98,516.0,22.5,456.2,351.0,314.96,456.2,58.28,Caldari Navy Antimatter Charge S,23009,jita,2025-11-12 12:39:50
515.8,558.8,551.95,515.9,22.58,456.2,351.0,314.29,456.2,58.04,Caldari Navy Antimatter Charge S,23009,jita,2025-11-12 13:32:46
515.8,558.8,551.52,515.8,22.92,456.2,351.0,314.26,456.2,58.03,Caldari Navy Antimatter Charge S,23009,jita,2025-11-12 14:20:08
515.2,558.8,551.63,515.2,23.09,424.7,351.0,304.33,424.7,53.9,Caldari Navy Antimatter Charge S,23009,jita,2025-11-12 15:21:47
514.2,558.8,550.68,514.2,23.9,424.7,351.0,303.42,424.7,53.77,Caldari Navy Antimatter Charge S,23009,jita,2025-11-12 16:26:10
514.1,558.8,550.75,514.2,23.87,425.0,351.0,304.37,424.7,53.91,Caldari Navy Antimatter Charge S,23009,jita,2025-11-12 17:20:27
514.1,558.8,550.79,514.1,23.87,425.0,351.0,303.65,424.7,53.81,Caldari Navy Antimatter Charge S,23009,jita,2025-11-12 18:27:30
514.1,558.8,551.4,514.1,23.63,424.7,351.0,299.99,424.7,53.19,Caldari Navy Antimatter Charge S,23009,jita,2025-11-12 19:15:52
514.1,558.8,551.45,514.1,23.61,424.7,351.0,299.66,424.7,53.13,Caldari Navy Antimatter Charge S,23009,jita,2025-11-12 20:21:57
514.1,558.8,551.55,514.1,23.56,424.8,351.0,308.15,424.8,54.4,Caldari Navy Antimatter Charge S,23009,jita,2025-11-12 21:18:34
514.0,558.8,551.38,514.1,23.64,424.8,351.0,308.12,424.8,54.4,Caldari Navy Antimatter Charge S,23009,jita,2025-11-12 22:18:42
514.0,558.8,551.45,514.1,23.61,424.7,351.0,293.58,424.7,51.81,Caldari Navy Antimatter Charge S,23009,jita,2025-11-12 23:18:38
514.0,555.5,542.82,514.0,26.13,424.7,351.0,293.16,424.7,51.7,Caldari Navy Antimatter Charge S,23009,jita,2025-11-13 01:23:52
513.9,555.5,542.97,514.0,26.12,424.8,351.0,294.98,424.8,52.15,Caldari Navy Antimatter Charge S,23009,jita,2025-11-13 03:14:47
514.0,555.5,543.07,514.0,26.1,424.8,351.0,294.98,424.8,52.15,Caldari Navy Antimatter Charge S,23009,jita,2025-11-13 04:25:11
514.0,555.5,543.09,514.0,26.1,424.8,351.0,294.94,424.8,52.14,Caldari Navy Antimatter Charge S,23009,jita,2025-11-13 05:19:31
513.4,555.5,542.73,513.4,26.16,424.8,351.0,294.79,424.8,52.1,Caldari Navy Antimatter Charge S,23009,jita,2025-11-13 06:29:36
513.4,555.5,541.93,513.4,26.25,424.7,351.0,287.37,408.6,50.02,Caldari Navy Antimatter Charge S,23009,jita,2025-11-13 07:19:02
513.3,555.5,541.92,513.4,26.25,425.1,351.0,288.47,424.7,50.38,Caldari Navy Antimatter Charge S,23009,jita,2025-11-13 08:25:46
513.3,555.5,541.76,513.4,26.26,425.1,351.0,288.39,424.7,50.35,Caldari Navy Antimatter Charge S,23009,jita,2025-11-13 09:22:02
513.1,555.5,541.73,513.1,26.31,425.1,351.0,288.29,424.7,50.32,Caldari Navy Antimatter Charge S,23009,jita,2025-11-13 10:21:53
513.1,555.5,541.73,513.1,26.31,425.1,351.0,288.13,424.7,50.27,Caldari Navy Antimatter Charge S,23009,jita,2025-11-13 11:17:31
512.0,555.5,541.74,512.0,26.33,425.1,351.0,287.6,408.6,50.1,Caldari Navy Antimatter Charge S,23009,jita,2025-11-13 12:40:06
511.8,555.5,541.74,512.0,26.35,424.7,351.0,287.37,408.6,50.02,Caldari Navy Antimatter Charge S,23009,jita,2025-11-13 13:33:08
512.0,555.5,541.87,512.0,26.33,424.7,351.0,287.37,408.6,50.02,Caldari Navy Antimatter Charge S,23009,jita,2025-11-13 14:19:13
511.0,555.5,541.95,513.1,26.32,424.7,351.0,287.37,408.6,50.02,Caldari Navy Antimatter Charge S,23009,jita,2025-11-13 15:21:42
510.8,523.9,537.32,510.8,27.35,424.7,351.0,287.37,408.6,50.02,Caldari Navy Antimatter Charge S,23009,jita,2025-11-13 16:23:48
510.4,516.0,536.3,510.5,27.34,424.7,351.0,287.37,408.6,50.02,Caldari Navy Antimatter Charge S,23009,jita,2025-11-13 17:19:16
425.1,516.0,536.14,510.3,27.5,424.7,351.0,287.37,408.6,50.02,Caldari Navy Antimatter Charge S,23009,jita,2025-11-13 18:27:30
499.8,516.0,535.33,499.9,27.6,425.1,351.0,288.47,424.7,50.38,Caldari Navy Antimatter Charge S,23009,jita,2025-11-13 19:15:46
499.9,516.0,535.37,499.9,27.59,425.2,351.0,290.7,425.2,51.05,Caldari Navy Antimatter Charge S,23009,jita,2025-11-13 20:22:17
499.9,516.0,535.24,499.9,27.62,425.2,351.0,290.62,425.2,51.03,Caldari Navy Antimatter Charge S,23009,jita,2025-11-13 21:18:10
495.2,516.0,535.19,499.9,27.64,425.2,351.0,290.53,425.2,51.01,Caldari Navy Antimatter Charge S,23009,jita,2025-11-13 22:18:55
495.0,516.0,535.0,499.9,27.73,425.2,351.0,290.36,425.2,50.95,Caldari Navy Antimatter Charge S,23009,jita,2025-11-13 23:18:26
499.9,516.0,535.27,499.9,27.63,425.2,351.0,290.19,425.2,50.9,Caldari Navy Antimatter Charge S,23009,jita,2025-11-14 01:23:33
499.9,516.0,535.27,499.9,27.63,425.2,351.0,290.19,425.2,50.9,Caldari Navy Antimatter Charge S,23009,jita,2025-11-14 03:12:53
499.9,516.0,535.27,499.9,27.63,425.2,351.0,290.19,425.2,50.9,Caldari Navy Antimatter Charge S,23009,jita,2025-11-14 04:23:08
499.9,516.0,535.27,499.9,27.63,425.2,351.0,290.19,425.2,50.9,Caldari Navy Antimatter Charge S,23009,jita,2025-11-14 05:19:13
499.9,516.0,535.27,499.9,27.63,425.2,351.0,290.19,425.2,50.9,Caldari Navy Antimatter Charge S,23009,jita,2025-11-14 06:29:12
499.9,516.0,535.27,499.9,27.63,425.2,351.0,290.19,425.2,50.9,Caldari Navy Antimatter Charge S,23009,jita,2025-11-14 07:18:54
499.9,516.0,535.27,499.9,27.63,425.2,351.0,290.19,425.2,50.9,Caldari Navy Antimatter Charge S,23009,jita,2025-11-14 08:25:22
499.9,516.0,535.27,499.9,27.63,425.2,351.0,290.19,425.2,50.9,Caldari Navy Antimatter Charge S,23009,jita,2025-11-14 09:21:00
499.9,516.0,535.27,499.9,27.63,425.2,351.0,290.19,425.2,50.9,Caldari Navy Antimatter Charge S,23009,jita,2025-11-14 10:21:26
499.9,516.0,535.27,499.9,27.63,425.2,351.0,290.19,425.2,50.9,Caldari Navy Antimatter Charge S,23009,jita,2025-11-14 11:16:40
499.9,516.0,535.27,499.9,27.63,425.2,351.0,290.19,425.2,50.9,Caldari Navy Antimatter Charge S,23009,jita,2025-11-14 12:38:44
499.9,516.0,535.27,499.9,27.63,425.2,351.0,290.19,425.2,50.9,Caldari Navy Antimatter Charge S,23009,jita,2025-11-14 13:29:59
499.9,516.0,535.27,499.9,27.63,425.2,351.0,290.19,425.2,50.9,Caldari Navy Antimatter Charge S,23009,jita,2025-11-14 14:19:28
499.9,516.0,535.27,499.9,27.63,425.2,351.0,290.19,425.2,50.9,Caldari Navy Antimatter Charge S,23009,jita,2025-11-14 15:18:32
499.9,516.0,535.27,499.9,27.63,425.2,351.0,290.19,425.2,50.9,Caldari Navy Antimatter Charge S,23009,jita,2025-11-14 16:24:39
499.9,516.0,535.27,499.9,27.63,425.2,351.0,290.19,425.2,50.9,Caldari Navy Antimatter Charge S,23009,jita,2025-11-14 17:17:19
499.9,516.0,535.27,499.9,27.63,425.2,351.0,290.19,425.2,50.9,Caldari Navy Antimatter Charge S,23009,jita,2025-11-14 18:27:10
499.9,516.0,535.27,499.9,27.63,425.2,351.0,290.19,425.2,50.9,Caldari Navy Antimatter Charge S,23009,jita,2025-11-14 19:15:21
499.9,516.0,535.27,499.9,27.63,425.2,351.0,290.19,425.2,50.9,Caldari Navy Antimatter Charge S,23009,jita,2025-11-14 20:21:33
499.9,516.0,535.27,499.9,27.63,425.2,351.0,290.19,425.2,50.9,Caldari Navy Antimatter Charge S,23009,jita,2025-11-14 21:17:51
499.9,516.0,535.27,499.9,27.63,425.2,351.0,290.19,425.2,50.9,Caldari Navy Antimatter Charge S,23009,jita,2025-11-14 22:18:18
499.9,516.0,535.27,499.9,27.63,425.2,351.0,290.19,425.2,50.9,Caldari Navy Antimatter Charge S,23009,jita,2025-11-14 23:17:26
499.9,516.0,535.27,499.9,27.63,425.2,351.0,290.19,425.2,50.9,Caldari Navy Antimatter Charge S,23009,jita,2025-11-15 01:21:25
499.9,516.0,535.27,499.9,27.63,425.2,351.0,290.19,425.2,50.9,Caldari Navy Antimatter Charge S,23009,jita,2025-11-15 03:06:40
499.9,516.0,535.27,499.9,27.63,425.2,351.0,290.19,425.2,50.9,Caldari Navy Antimatter Charge S,23009,jita,2025-11-15 04:21:38
499.9,516.0,535.27,499.9,27.63,425.2,351.0,290.19,425.2,50.9,Caldari Navy Antimatter Charge S,23009,jita,2025-11-15 05:18:16
499.9,516.0,535.27,499.9,27.63,425.2,351.0,290.19,425.2,50.9,Caldari Navy Antimatter Charge S,23009,jita,2025-11-15 06:26:18
499.9,516.0,535.27,499.9,27.63,425.2,351.0,290.19,425.2,50.9,Caldari Navy Antimatter Charge S,23009,jita,2025-11-15 07:16:58
499.9,516.0,535.27,499.9,27.63,425.2,351.0,290.19,425.2,50.9,Caldari Navy Antimatter Charge S,23009,jita,2025-11-15 08:22:15
499.9,516.0,535.27,499.9,27.63,425.2,351.0,290.19,425.2,50.9,Caldari Navy Antimatter Charge S,23009,jita,2025-11-15 09:17:51
499.9,516.0,535.27,499.9,27.63,425.2,351.0,290.19,425.2,50.9,Caldari Navy Antimatter Charge S,23009,jita,2025-11-15 10:18:28
499.9,516.0,535.27,499.9,27.63,425.2,351.0,290.19,425.2,50.9,Caldari Navy Antimatter Charge S,23009,jita,2025-11-15 11:14:25
499.9,516.0,535.27,499.9,27.63,425.2,351.0,290.19,425.2,50.9,Caldari Navy Antimatter Charge S,23009,jita,2025-11-15 12:34:15
499.9,516.0,535.27,499.9,27.63,425.2,351.0,290.19,425.2,50.9,Caldari Navy Antimatter Charge S,23009,jita,2025-11-15 13:24:12
499.9,516.0,535.27,499.9,27.63,425.2,351.0,290.19,425.2,50.9,Caldari Navy Antimatter Charge S,23009,jita,2025-11-15 14:16:02
499.9,516.0,535.27,499.9,27.63,425.2,351.0,290.19,425.2,50.9,Caldari Navy Antimatter Charge S,23009,jita,2025-11-15 15:17:13
499.9,516.0,535.27,499.9,27.63,425.2,351.0,290.19,425.2,50.9,Caldari Navy Antimatter Charge S,23009,jita,2025-11-15 16:20:37
499.9,516.0,535.27,499.9,27.63,425.2,351.0,290.19,425.2,50.9,Caldari Navy Antimatter Charge S,23009,jita,2025-11-15 17:14:26
499.9,516.0,535.27,499.9,27.63,425.2,351.0,290.19,425.2,50.9,Caldari Navy Antimatter Charge S,23009,jita,2025-11-15 18:23:35
499.9,516.0,535.27,499.9,27.63,425.2,351.0,290.19,425.2,50.9,Caldari Navy Antimatter Charge S,23009,jita,2025-11-15 19:13:43
499.9,516.0,535.27,499.9,27.63,425.2,351.0,290.19,425.2,50.9,Caldari Navy Antimatter Charge S,23009,jita,2025-11-15 20:19:08
499.9,516.0,535.27,499.9,27.63,425.2,351.0,290.19,425.2,50.9,Caldari Navy Antimatter Charge S,23009,jita,2025-11-15 21:15:41
499.9,516.0,535.27,499.9,27.63,425.2,351.0,290.19,425.2,50.9,Caldari Navy Antimatter Charge S,23009,jita,2025-11-15 22:15:01
499.9,516.0,535.27,499.9,27.63,425.2,351.0,290.19,425.2,50.9,Caldari Navy Antimatter Charge S,23009,jita,2025-11-15 23:17:25
499.9,516.0,535.27,499.9,27.63,425.2,351.0,290.19,425.2,50.9,Caldari Navy Antimatter Charge S,23009,jita,2025-11-16 01:28:24
499.9,516.0,535.27,499.9,27.63,425.2,351.0,290.19,425.2,50.9,Caldari Navy Antimatter Charge S,23009,jita,2025-11-16 03:18:12
499.9,516.0,535.27,499.9,27.63,425.2,351.0,290.19,425.2,50.9,Caldari Navy Antimatter Charge S,23009,jita,2025-11-16 04:25:00
499.9,516.0,535.27,499.9,27.63,425.2,351.0,290.19,425.2,50.9,Caldari Navy Antimatter Charge S,23009,jita,2025-11-16 05:18:19
499.9,516.0,535.27,499.9,27.63,425.2,351.0,290.19,425.2,50.9,Caldari Navy Antimatter Charge S,23009,jita,2025-11-16 06:26:52
499.9,516.0,535.27,499.9,27.63,425.2,351.0,290.19,425.2,50.9,Caldari Navy Antimatter Charge S,23009,jita,2025-11-16 07:17:06
499.9,516.0,535.27,499.9,27.63,425.2,351.0,290.19,425.2,50.9,Caldari Navy Antimatter Charge S,23009,jita,2025-11-16 08:23:10
499.9,516.0,535.27,499.9,27.63,425.2,351.0,290.19,425.2,50.9,Caldari Navy Antimatter Charge S,23009,jita,2025-11-16 09:18:16
499.9,516.0,535.27,499.9,27.63,425.2,351.0,290.19,425.2,50.9,Caldari Navy Antimatter Charge S,23009,jita,2025-11-16 10:19:01
499.9,516.0,535.27,499.9,27.63,425.2,351.0,290.19,425.2,50.9,Caldari Navy Antimatter Charge S,23009,jita,2025-11-16 11:14:29
499.9,516.0,535.27,499.9,27.63,425.2,351.0,290.19,425.2,50.9,Caldari Navy Antimatter Charge S,23009,jita,2025-11-16 12:33:49
499.9,516.0,535.27,499.9,27.63,425.2,351.0,290.19,425.2,50.9,Caldari Navy Antimatter Charge S,23009,jita,2025-11-16 13:23:54
499.9,516.0,535.27,499.9,27.63,425.2,351.0,290.19,425.2,50.9,Caldari Navy Antimatter Charge S,23009,jita,2025-11-16 14:16:37
499.9,516.0,535.27,499.9,27.63,425.2,351.0,290.19,425.2,50.9,Caldari Navy Antimatter Charge S,23009,jita,2025-11-16 15:17:05
499.9,516.0,535.27,499.9,27.63,425.2,351.0,290.19,425.2,50.9,Caldari Navy Antimatter Charge S,23009,jita,2025-11-16 16:21:06
499.9,516.0,535.27,499.9,27.63,425.2,351.0,290.19,425.2,50.9,Caldari Navy Antimatter Charge S,23009,jita,2025-11-16 17:15:55
499.9,516.0,535.27,499.9,27.63,425.2,351.0,290.19,425.2,50.9,Caldari Navy Antimatter Charge S,23009,jita,2025-11-16 18:24:31
499.9,516.0,535.27,499.9,27.63,425.2,351.0,290.19,425.2,50.9,Caldari Navy Antimatter Charge S,23009,jita,2025-11-16 19:14:32
499.9,516.0,535.27,499.9,27.63,425.2,351.0,290.19,425.2,50.9,Caldari Navy Antimatter Charge S,23009,jita,2025-11-16 20:19:58
499.9,516.0,535.27,499.9,27.63,425.2,351.0,290.19,425.2,50.9,Caldari Navy Antimatter Charge S,23009,jita,2025-11-16 21:15:59
499.9,516.0,535.27,499.9,27.63,425.2,351.0,290.19,425.2,50.9,Caldari Navy Antimatter Charge S,23009,jita,2025-11-16 22:17:19
499.9,516.0,535.27,499.9,27.63,425.2,351.0,290.19,425.2,50.9,Caldari Navy Antimatter Charge S,23009,jita,2025-11-16 23:17:29
499.9,516.0,535.27,499.9,27.63,425.2,351.0,290.19,425.2,50.9,Caldari Navy Antimatter Charge S,23009,jita,2025-11-17 01:24:12
499.9,516.0,535.27,499.9,27.63,425.2,351.0,290.19,425.2,50.9,Caldari Navy Antimatter Charge S,23009,jita,2025-11-17 03:15:55
499.9,516.0,535.27,499.9,27.63,425.2,351.0,290.19,425.2,50.9,Caldari Navy Antimatter Charge S,23009,jita,2025-11-17 04:26:00
499.9,516.0,535.27,499.9,27.63,425.2,351.0,290.19,425.2,50.9,Caldari Navy Antimatter Charge S,23009,jita,2025-11-17 05:19:55
499.9,516.0,535.27,499.9,27.63,425.2,351.0,290.19,425.2,50.9,Caldari Navy Antimatter Charge S,23009,jita,2025-11-17 06:29:34
499.9,516.0,535.27,499.9,27.63,425.2,351.0,290.19,425.2,50.9,Caldari Navy Antimatter Charge S,23009,jita,2025-11-17 08:28:09
499.9,516.0,535.27,499.9,27.63,425.2,351.0,290.19,425.2,50.9,Caldari Navy Antimatter Charge S,23009,jita,2025-11-17 09:24:07
499.9,516.0,535.27,499.9,27.63,425.2,351.0,290.19,425.2,50.9,Caldari Navy Antimatter Charge S,23009,jita,2025-11-17 10:22:29
499.9,516.0,535.27,499.9,27.63,425.2,351.0,290.19,425.2,50.9,Caldari Navy Antimatter Charge S,23009,jita,2025-11-17 11:17:23
499.9,516.0,535.27,499.9,27.63,425.2,351.0,290.19,425.2,50.9,Caldari Navy Antimatter Charge S,23009,jita,2025-11-17 12:39:31
499.9,516.0,535.27,499.9,27.63,425.2,351.0,290.19,425.2,50.9,Caldari Navy Antimatter Charge S,23009,jita,2025-11-17 13:31:53
499.9,516.0,535.27,499.9,27.63,425.2,351.0,290.19,425.2,50.9,Caldari Navy Antimatter Charge S,23009,jita,2025-11-17 14:20:01
499.9,516.0,535.27,499.9,27.63,425.2,351.0,290.19,425.2,50.9,Caldari Navy Antimatter Charge S,23009,jita,2025-11-17 15:22:05
499.9,516.0,535.27,499.9,27.63,425.2,351.0,290.19,425.2,50.9,Caldari Navy Antimatter Charge S,23009,jita,2025-11-17 16:26:07
499.9,516.0,535.27,499.9,27.63,425.2,351.0,290.19,425.2,50.9,Caldari Navy Antimatter Charge S,23009,jita,2025-11-17 17:19:12
499.9,516.0,535.27,499.9,27.63,425.2,351.0,290.19,425.2,50.9,Caldari Navy Antimatter Charge S,23009,jita,2025-11-17 18:27:50
499.9,516.0,535.27,499.9,27.63,425.2,351.0,290.19,425.2,50.9,Caldari Navy Antimatter Charge S,23009,jita,2025-11-17 19:15:23
499.9,516.0,535.27,499.9,27.63,425.2,351.0,290.19,425.2,50.9,Caldari Navy Antimatter Charge S,23009,jita,2025-11-17 20:22:21
499.9,516.0,535.27,499.9,27.63,425.2,351.0,290.19,425.2,50.9,Caldari Navy Antimatter Charge S,23009,jita,2025-11-17 21:17:53
499.9,516.0,535.27,499.9,27.63,425.2,351.0,290.19,425.2,50.9,Caldari Navy Antimatter Charge S,23009,jita,2025-11-17 22:18:50
499.9,516.0,535.27,499.9,27.63,425.2,351.0,290.19,425.2,50.9,Caldari Navy Antimatter Charge S,23009,jita,2025-11-17 23:17:46
499.9,516.0,535.27,499.9,27.63,425.2,351.0,290.19,425.2,50.9,Caldari Navy Antimatter Charge S,23009,jita,2025-11-18 01:23:23
499.9,516.0,535.27,499.9,27.63,425.2,351.0,290.19,425.2,50.9,Caldari Navy Antimatter Charge S,23009,jita,2025-11-18 03:12:09
499.9,516.0,535.27,499.9,27.63,425.2,351.0,290.19,425.2,50.9,Caldari Navy Antimatter Charge S,23009,jita,2025-11-18 04:23:19
499.9,516.0,535.27,499.9,27.63,425.2,351.0,290.19,425.2,50.9,Caldari Navy Antimatter Charge S,23009,jita,2025-11-18 05:19:21
499.9,516.0,535.27,499.9,27.63,425.2,351.0,290.19,425.2,50.9,Caldari Navy Antimatter Charge S,23009,jita,2025-11-18 06:28:36
499.9,516.0,535.27,499.9,27.63,425.2,351.0,290.19,425.2,50.9,Caldari Navy Antimatter Charge S,23009,jita,2025-11-18 07:19:09
499.9,516.0,535.27,499.9,27.63,425.2,351.0,290.19,425.2,50.9,Caldari Navy Antimatter Charge S,23009,jita,2025-11-18 08:25:54
499.9,516.0,535.27,499.9,27.63,425.2,351.0,290.19,425.2,50.9,Caldari Navy Antimatter Charge S,23009,jita,2025-11-18 09:21:53
499.9,516.0,535.27,499.9,27.63,425.2,351.0,290.19,425.2,50.9,Caldari Navy Antimatter Charge S,23009,jita,2025-11-18 10:22:37
499.9,516.0,535.27,499.9,27.63,425.2,351.0,290.19,425.2,50.9,Caldari Navy Antimatter Charge S,23009,jita,2025-11-18 11:18:10
499.9,516.0,535.27,499.9,27.63,425.2,351.0,290.19,425.2,50.9,Caldari Navy Antimatter Charge S,23009,jita,2025-11-18 15:21:41
499.9,516.0,535.27,499.9,27.63,425.2,351.0,290.19,425.2,50.9,Caldari Navy Antimatter Charge S,23009,jita,2025-11-18 17:18:42
499.9,516.0,535.27,499.9,27.63,425.2,351.0,290.19,425.2,50.9,Caldari Navy Antimatter Charge S,23009,jita,2025-11-18 18:29:03
499.9,516.0,535.27,499.9,27.63,425.2,351.0,290.19,425.2,50.9,Caldari Navy Antimatter Charge S,23009,jita,2025-11-18 19:16:54
499.9,516.0,535.27,499.9,27.63,425.2,351.0,290.19,425.2,50.9,Caldari Navy Antimatter Charge S,23009,jita,2025-11-18 20:22:26
499.9,516.0,535.27,499.9,27.63,425.2,351.0,290.19,425.2,50.9,Caldari Navy Antimatter Charge S,23009,jita,2025-11-18 22:19:18
499.9,516.0,535.27,499.9,27.63,425.2,351.0,290.19,425.2,50.9,Caldari Navy Antimatter Charge S,23009,jita,2025-11-18 23:18:02
499.9,516.0,535.27,499.9,27.63,425.2,351.0,290.19,425.2,50.9,Caldari Navy Antimatter Charge S,23009,jita,2025-11-19 01:23:02
499.9,516.0,535.27,499.9,27.63,425.2,351.0,290.19,425.2,50.9,Caldari Navy Antimatter Charge S,23009,jita,2025-11-19 03:11:23
499.9,516.0,535.27,499.9,27.63,425.2,351.0,290.19,425.2,50.9,Caldari Navy Antimatter Charge S,23009,jita,2025-11-19 04:23:50
499.9,516.0,535.27,499.9,27.63,425.2,351.0,290.19,425.2,50.9,Caldari Navy Antimatter Charge S,23009,jita,2025-11-19 05:19:37
499.9,516.0,535.27,499.9,27.63,425.2,351.0,290.19,425.2,50.9,Caldari Navy Antimatter Charge S,23009,jita,2025-11-19 06:28:21
499.9,516.0,535.27,499.9,27.63,425.2,351.0,290.19,425.2,50.9,Caldari Navy Antimatter Charge S,23009,jita,2025-11-19 07:19:07
499.9,516.0,535.27,499.9,27.63,425.2,351.0,290.19,425.2,50.9,Caldari Navy Antimatter Charge S,23009,jita,2025-11-19 08:26:17
499.9,516.0,535.27,499.9,27.63,425.2,351.0,290.19,425.2,50.9,Caldari Navy Antimatter Charge S,23009,jita,2025-11-19 09:21:48
499.9,516.0,535.27,499.9,27.63,425.2,351.0,290.19,425.2,50.9,Caldari Navy Antimatter Charge S,23009,jita,2025-11-19 10:21:18
499.9,516.0,535.27,499.9,27.63,425.2,351.0,290.19,425.2,50.9,Caldari Navy Antimatter Charge S,23009,jita,2025-11-19 11:17:10
499.9,516.0,535.27,499.9,27.63,425.2,351.0,290.19,425.2,50.9,Caldari Navy Antimatter Charge S,23009,jita,2025-11-19 12:39:32
499.9,516.0,535.27,499.9,27.63,425.2,351.0,290.19,425.2,50.9,Caldari Navy Antimatter Charge S,23009,jita,2025-11-19 13:31:57
499.9,516.0,535.27,499.9,27.63,425.2,351.0,290.19,425.2,50.9,Caldari Navy Antimatter Charge S,23009,jita,2025-11-19 14:19:20
499.9,516.0,535.27,499.9,27.63,425.2,351.0,290.19,425.2,50.9,Caldari Navy Antimatter Charge S,23009,jita,2025-11-19 15:20:43
499.9,516.0,535.27,499.9,27.63,425.2,351.0,290.19,425.2,50.9,Caldari Navy Antimatter Charge S,23009,jita,2025-11-19 16:25:44
499.9,516.0,535.27,499.9,27.63,425.2,351.0,290.19,425.2,50.9,Caldari Navy Antimatter Charge S,23009,jita,2025-11-19 17:18:31
499.9,516.0,535.27,499.9,27.63,425.2,351.0,290.19,425.2,50.9,Caldari Navy Antimatter Charge S,23009,jita,2025-11-19 18:28:42
499.9,516.0,535.27,499.9,27.63,425.2,351.0,290.19,425.2,50.9,Caldari Navy Antimatter Charge S,23009,jita,2025-11-19 19:16:15
499.9,516.0,535.27,499.9,27.63,425.2,351.0,290.19,425.2,50.9,Caldari Navy Antimatter Charge S,23009,jita,2025-11-19 20:19:32
499.9,516.0,535.27,499.9,27.63,425.2,351.0,290.19,425.2,50.9,Caldari Navy Antimatter Charge S,23009,jita,2025-11-19 21:15:22
499.9,516.0,535.27,499.9,27.63,425.2,351.0,290.19,425.2,50.9,Caldari Navy Antimatter Charge S,23009,jita,2025-11-19 22:18:33
499.9,516.0,535.27,499.9,27.63,425.2,351.0,290.19,425.2,50.9,Caldari Navy Antimatter Charge S,23009,jita,2025-11-19 23:18:24
499.9,516.0,535.27,499.9,27.63,425.2,351.0,290.19,425.2,50.9,Caldari Navy Antimatter Charge S,23009,jita,2025-11-20 01:21:51
499.9,516.0,535.27,499.9,27.63,425.2,351.0,290.19,425.2,50.9,Caldari Navy Antimatter Charge S,23009,jita,2025-11-20 03:09:36
499.9,516.0,535.27,499.9,27.63,425.2,351.0,290.19,425.2,50.9,Caldari Navy Antimatter Charge S,23009,jita,2025-11-20 04:21:56
499.9,516.0,535.27,499.9,27.63,425.2,351.0,290.19,425.2,50.9,Caldari Navy Antimatter Charge S,23009,jita,2025-11-20 05:20:01
499.9,516.0,535.27,499.9,27.63,425.2,351.0,290.19,425.2,50.9,Caldari Navy Antimatter Charge S,23009,jita,2025-11-20 06:28:15
499.9,516.0,535.27,499.9,27.63,425.2,351.0,290.19,425.2,50.9,Caldari Navy Antimatter Charge S,23009,jita,2025-11-20 07:18:58
499.9,516.0,535.27,499.9,27.63,425.2,351.0,290.19,425.2,50.9,Caldari Navy Antimatter Charge S,23009,jita,2025-11-20 08:26:49
499.9,516.0,535.27,499.9,27.63,425.2,351.0,290.19,425.2,50.9,Caldari Navy Antimatter Charge S,23009,jita,2025-11-20 09:20:55
499.9,516.0,535.27,499.9,27.63,425.2,351.0,290.19,425.2,50.9,Caldari Navy Antimatter Charge S,23009,jita,2025-11-20 10:21:22
499.9,516.0,535.27,499.9,27.63,425.2,351.0,290.19,425.2,50.9,Caldari Navy Antimatter Charge S,23009,jita,2025-11-20 11:17:32
499.9,516.0,535.27,499.9,27.63,425.2,351.0,290.19,425.2,50.9,Caldari Navy Antimatter Charge S,23009,jita,2025-11-20 12:38:33
499.9,516.0,535.27,499.9,27.63,425.2,351.0,290.19,425.2,50.9,Caldari Navy Antimatter Charge S,23009,jita,2025-11-20 13:30:00
499.9,516.0,535.27,499.9,27.63,425.2,351.0,290.19,425.2,50.9,Caldari Navy Antimatter Charge S,23009,jita,2025-11-20 14:19:40
499.9,516.0,535.27,499.9,27.63,425.2,351.0,290.19,425.2,50.9,Caldari Navy Antimatter Charge S,23009,jita,2025-11-20 15:20:18
499.9,516.0,535.27,499.9,27.63,425.2,351.0,290.19,425.2,50.9,Caldari Navy Antimatter Charge S,23009,jita,2025-11-20 16:24:43
499.9,516.0,535.27,499.9,27.63,425.2,351.0,290.19,425.2,50.9,Caldari Navy Antimatter Charge S,23009,jita,2025-11-20 17:16:00
499.9,516.0,535.27,499.9,27.63,425.2,351.0,290.19,425.2,50.9,Caldari Navy Antimatter Charge S,23009,jita,2025-11-20 18:28:39
499.9,516.0,535.27,499.9,27.63,425.2,351.0,290.19,425.2,50.9,Caldari Navy Antimatter Charge S,23009,jita,2025-11-20 19:15:52
499.9,516.0,535.27,499.9,27.63,425.2,351.0,290.19,425.2,50.9,Caldari Navy Antimatter Charge S,23009,jita,2025-11-20 20:22:05
499.9,516.0,535.27,499.9,27.63,425.2,351.0,290.19,425.2,50.9,Caldari Navy Antimatter Charge S,23009,jita,2025-11-20 21:17:57
499.9,516.0,535.27,499.9,27.63,425.2,351.0,290.19,425.2,50.9,Caldari Navy Antimatter Charge S,23009,jita,2025-11-20 22:18:17
499.9,516.0,535.27,499.9,27.63,425.2,351.0,290.19,425.2,50.9,Caldari Navy Antimatter Charge S,23009,jita,2025-11-20 23:18:13
499.9,516.0,535.27,499.9,27.63,425.2,351.0,290.19,425.2,50.9,Caldari Navy Antimatter Charge S,23009,jita,2025-11-21 01:22:21
499.9,516.0,535.27,499.9,27.63,425.2,351.0,290.19,425.2,50.9,Caldari Navy Antimatter Charge S,23009,jita,2025-11-21 03:10:49
499.9,516.0,535.27,499.9,27.63,425.2,351.0,290.19,425.2,50.9,Caldari Navy Antimatter Charge S,23009,jita,2025-11-21 04:22:26
499.9,516.0,535.27,499.9,27.63,425.2,351.0,290.19,425.2,50.9,Caldari Navy Antimatter Charge S,23009,jita,2025-11-21 05:19:48
499.9,516.0,535.27,499.9,27.63,425.2,351.0,290.19,425.2,50.9,Caldari Navy Antimatter Charge S,23009,jita,2025-11-21 06:29:30
499.9,516.0,535.27,499.9,27.63,425.2,351.0,290.19,425.2,50.9,Caldari Navy Antimatter Charge S,23009,jita,2025-11-21 07:19:35
499.9,516.0,535.27,499.9,27.63,425.2,351.0,290.19,425.2,50.9,Caldari Navy Antimatter Charge S,23009,jita,2025-11-21 08:27:01
499.9,516.0,535.27,499.9,27.63,425.2,351.0,290.19,425.2,50.9,Caldari Navy Antimatter Charge S,23009,jita,2025-11-21 09:20:27
499.9,516.0,535.27,499.9,27.63,425.2,351.0,290.19,425.2,50.9,Caldari Navy Antimatter Charge S,23009,jita,2025-11-21 10:20:36
499.9,516.0,535.27,499.9,27.63,425.2,351.0,290.19,425.2,50.9,Caldari Navy Antimatter Charge S,23009,jita,2025-11-21 11:16:33
499.9,516.0,535.27,499.9,27.63,425.2,351.0,290.19,425.2,50.9,Caldari Navy Antimatter Charge S,23009,jita,2025-11-21 12:37:35
499.9,516.0,535.27,499.9,27.63,425.2,351.0,290.19,425.2,50.9,Caldari Navy Antimatter Charge S,23009,jita,2025-11-21 13:27:54
499.9,516.0,535.27,499.9,27.63,425.2,351.0,290.19,425.2,50.9,Caldari Navy Antimatter Charge S,23009,jita,2025-11-21 14:19:05
499.9,516.0,535.27,499.9,27.63,425.2,351.0,290.19,425.2,50.9,Caldari Navy Antimatter Charge S,23009,jita,2025-11-21 15:18:22
499.9,516.0,535.27,499.9,27.63,425.2,351.0,290.19,425.2,50.9,Caldari Navy Antimatter Charge S,23009,jita,2025-11-21 16:24:23
499.9,516.0,535.27,499.9,27.63,425.2,351.0,290.19,425.2,50.9,Caldari Navy Antimatter Charge S,23009,jita,2025-11-21 17:17:30
499.9,516.0,535.27,499.9,27.63,425.2,351.0,290.19,425.2,50.9,Caldari Navy Antimatter Charge S,23009,jita,2025-11-21 18:25:33
499.9,516.0,535.27,499.9,27.63,425.2,351.0,290.19,425.2,50.9,Caldari Navy Antimatter Charge S,23009,jita,2025-11-21 19:16:18
499.9,516.0,535.27,499.9,27.63,425.2,351.0,290.19,425.2,50.9,Caldari Navy Antimatter Charge S,23009,jita,2025-11-21 20:21:32
499.9,516.0,535.27,499.9,27.63,425.2,351.0,290.19,425.2,50.9,Caldari Navy Antimatter Charge S,23009,jita,2025-11-21 21:17:15
499.9,516.0,535.27,499.9,27.63,425.2,351.0,290.19,425.2,50.9,Caldari Navy Antimatter Charge S,23009,jita,2025-11-21 22:18:56
499.9,516.0,535.27,499.9,27.63,425.2,351.0,290.19,425.2,50.9,Caldari Navy Antimatter Charge S,23009,jita,2025-11-21 23:17:37
499.9,516.0,535.27,499.9,27.63,425.2,351.0,290.19,425.2,50.9,Caldari Navy Antimatter Charge S,23009,jita,2025-11-22 01:19:39
499.9,516.0,535.27,499.9,27.63,425.2,351.0,290.19,425.2,50.9,Caldari Navy Antimatter Charge S,23009,jita,2025-11-22 03:04:03
499.9,516.0,535.27,499.9,27.63,425.2,351.0,290.19,425.2,50.9,Caldari Navy Antimatter Charge S,23009,jita,2025-11-22 04:21:46
499.9,516.0,535.27,499.9,27.63,425.2,351.0,290.19,425.2,50.9,Caldari Navy Antimatter Charge S,23009,jita,2025-11-22 05:17:42
499.9,516.0,535.27,499.9,27.63,425.2,351.0,290.19,425.2,50.9,Caldari Navy Antimatter Charge S,23009,jita,2025-11-22 06:26:06
499.9,516.0,535.27,499.9,27.63,425.2,351.0,290.19,425.2,50.9,Caldari Navy Antimatter Charge S,23009,jita,2025-11-22 07:17:41
499.9,516.0,535.27,499.9,27.63,425.2,351.0,290.19,425.2,50.9,Caldari Navy Antimatter Charge S,23009,jita,2025-11-22 08:22:54
499.9,516.0,535.27,499.9,27.63,425.2,351.0,290.19,425.2,50.9,Caldari Navy Antimatter Charge S,23009,jita,2025-11-22 09:18:12
499.9,516.0,535.27,499.9,27.63,425.2,351.0,290.19,425.2,50.9,Caldari Navy Antimatter Charge S,23009,jita,2025-11-22 10:18:22
499.9,516.0,535.27,499.9,27.63,425.2,351.0,290.19,425.2,50.9,Caldari Navy Antimatter Charge S,23009,jita,2025-11-22 11:14:27
499.9,516.0,535.27,499.9,27.63,425.2,351.0,290.19,425.2,50.9,Caldari Navy Antimatter Charge S,23009,jita,2025-11-22 12:33:57
499.9,516.0,535.27,499.9,27.63,425.2,351.0,290.19,425.2,50.9,Caldari Navy Antimatter Charge S,23009,jita,2025-11-22 13:23:14
499.9,516.0,535.27,499.9,27.63,425.2,351.0,290.19,425.2,50.9,Caldari Navy Antimatter Charge S,23009,jita,2025-11-22 14:16:14
426.7,454.5,484.69,426.7,2763.42,396.0,0.01,0.34,395.9,169.14,Caldari Navy Antimatter Charge S,23009,jita,2025-11-30 22:07:18
426.7,454.5,484.69,426.7,2763.42,396.0,0.01,0.34,395.9,169.14,Caldari Navy Antimatter Charge S,23009,jita,2025-11-30 22:18:20
426.7,454.5,485.09,426.8,2772.2,396.0,0.01,0.34,395.9,169.14,Caldari Navy Antimatter Charge S,23009,jita,2025-11-30 23:17:50
426.7,454.5,485.31,426.8,2777.01,396.0,0.01,0.34,395.9,169.14,Caldari Navy Antimatter Charge S,23009,jita,2025-12-01 01:48:18
