Sell_Min,Sell_Median,Sell_Average,Sell_1st Percentile,Sell_Standard Deviation,Buy_Max,Buy_Median,Buy_Average,Buy_99th Percentile,Buy_Standard Deviation,Item,TypeID,Region,Timestamp,Sell_Buy_Spread,Sell_Buy_%,Daily_Change_%,Volatility_7d
396.5,497.2,480.68,396.6,236.13,360.0,1.15,10.16,360.0,154.63,Oxygen,3683,jita,2025-11-02 09:05:28,36.5,10.13888888888889,,
458.9,508.0,517.28,458.9,98.54,430.4,388.4,394.36,430.4,33.16,Oxygen,3683,C-J6MT,2025-11-02 09:05:28,28.5,6.621747211895911,,
15020.0,15740.0,15653.14,15040.0,495.19,11880.0,11540.0,10318.88,11880.0,1447.21,Coolant,9832,C-J6MT,2025-11-02 09:05:29,3140.0,26.430976430976433,,
13500.0,13880.0,14111.97,13500.0,8278.29,12350.0,29.0,186.71,12350.0,5244.78,Coolant,9832,jita,2025-11-02 09:05:29,1150.0,9.31174089068826,,
14350.0,14900.0,16064.37,14350.0,12131.6,14120.0,1.15,18.25,14120.0,6202.45,Enriched Uranium,44,jita,2025-11-02 09:05:31,230.0,1.6288951841359773,,
14870.0,15850.0,15811.54,15000.0,553.37,12900.0,12860.0,12345.52,12900.0,1166.32,Enriched Uranium,44,C-J6MT,2025-11-02 09:05:31,1970.0,15.271317829457365,,
12330.0,12610.0,12781.34,12360.0,331.89,12080.0,3100.0,109.96,12080.0,5405.14,Mechanical Parts,3689,jita,2025-11-02 09:05:32,250.0,2.06953642384106,,
14870.0,14970.0,14950.89,14870.0,42.68,12430.0,10930.0,10661.5,12430.0,1296.66,Mechanical Parts,3689,C-J6MT,2025-11-02 09:05:32,2440.0,19.629927594529363,,
90330.0,91090.0,92754.62,90340.0,3635.45,87400.0,9249.0,789.89,87400.0,36447.58,Robotics,9848,jita,2025-11-02 09:05:33,2930.0,3.3524027459954233,,
91480.0,92300.0,92890.67,91480.0,1079.55,85580.0,84380.0,84209.74,85580.0,537.96,Robotics,9848,C-J6MT,2025-11-02 09:05:33,5900.0,6.8941341434914705,,
107.0,115.0,129.2,107.0,59.44,82.06,60.01,46.91,82.04,23.08,Liquid Ozone,16273,C-J6MT,2025-11-02 09:05:34,24.939999999999998,30.392395807945405,,
130.5,173.0,168.92,145.0,1134.61,130.4,25.02,29.03,130.4,29.07,Liquid Ozone,16273,jita,2025-11-02 09:05:34,0.09999999999999432,0.07668711656441281,,
114.4,121.1,126.32,114.5,3211.79,104.0,12.07,23.06,104.0,37.16,Heavy Water,16272,jita,2025-11-02 09:05:35,10.400000000000006,10.000000000000005,,
35.97,39.99,42.2,35.97,6.83,23.05,19.12,18.74,23.04,3.45,Heavy Water,16272,C-J6MT,2025-11-02 09:05:35,12.919999999999998,56.05206073752711,,
4413.0,4963.0,5176.46,4750.0,109360.11,4400.0,3322.0,1445.87,4400.0,1385.59,Strontium Clathrates,16275,jita,2025-11-02 09:05:36,13.0,0.29545454545454547,,
3917.0,3995.0,4551.65,3917.0,4326.37,3532.0,2955.0,2888.56,3532.0,521.63,Strontium Clathrates,16275,C-J6MT,2025-11-02 09:05:36,385.0,10.900339750849378,,
1187.0,1300.0,1271.01,1187.0,74.45,936.2,936.1,935.89,936.2,0.63,Helium Isotopes,16274,C-J6MT,2025-11-02 09:05:37,250.79999999999995,26.789147618030327,,
1064.0,1114.0,1147.44,1065.0,108.45,945.3,861.3,593.93,945.3,300.34,Helium Isotopes,16274,jita,2025-11-02 09:05:37,118.70000000000005,12.556860256003391,,
768.7,775.2,797.59,768.7,70.31,692.3,687.2,651.61,692.0,86.81,Hydrogen Isotopes,17889,C-J6MT,2025-11-02 09:05:38,76.40000000000009,11.03567817420195,,
666.7,750.8,781.05,724.0,140.36,666.6,80.0,58.01,666.1,307.05,Hydrogen Isotopes,17889,jita,2025-11-02 09:05:38,0.10000000000002274,0.015001500150018412,,
917.7,960.4,963.15,917.8,34.84,873.2,756.1,683.73,873.2,178.12,Nitrogen Isotopes,17888,C-J6MT,2025-11-02 09:05:39,44.5,5.096197892808061,,
789.7,858.9,864.42,789.8,52.62,725.0,0.11,0.53,720.1,260.84,Nitrogen Isotopes,17888,jita,2025-11-02 09:05:39,64.70000000000005,8.924137931034489,,
833.1,910.8,1008.86,833.1,281.93,833.0,0.15,0.5,832.0,277.49,Oxygen Isotopes,17887,jita,2025-11-02 09:05:40,0.10000000000002274,0.012004801920771037,,
1016.0,1070.0,1111.54,1016.0,95.51,915.0,910.1,633.76,915.0,272.98,Oxygen Isotopes,17887,C-J6MT,2025-11-02 09:05:40,101.0,11.03825136612022,,
23990.0,24950.0,26131.01,23990.0,1205007.81,22770.0,0.01,0.01,0.01,1095.56,Helium Fuel Block,4247,jita,2025-11-02 09:05:41,1220.0,5.357927097057532,,
25680.0,25690.0,25685.16,25680.0,5.0,17200.0,17090.0,17100.41,17200.0,34.08,Helium Fuel Block,4247,C-J6MT,2025-11-02 09:05:41,8480.0,49.30232558139535,,
24500.0,24890.0,25125.2,24500.0,357.5,20040.0,20040.0,20040.0,20040.0,0.0,Nitrogen Fuel Block,4051,C-J6MT,2025-11-02 09:05:42,4460.0,22.255489021956087,,
20870.0,21700.0,22055.82,20890.0,975.64,20210.0,0.01,0.01,0.15,1201.04,Nitrogen Fuel Block,4051,jita,2025-11-02 09:05:42,660.0,3.2657100445324097,,
19160.0,19840.0,20105.68,19160.0,809.06,16300.0,16260.0,15886.43,16300.0,1090.52,Hydrogen Fuel Block,4246,C-J6MT,2025-11-02 09:05:42,2860.0,17.54601226993865,,
20950.0,21740.0,22064.62,21250.0,751.55,20010.0,0.01,0.01,0.15,1102.69,Hydrogen Fuel Block,4246,jita,2025-11-02 09:05:42,940.0,4.697651174412794,,
25470.0,25500.0,25657.49,25470.0,201.72,21800.0,21710.0,21399.67,21800.0,719.06,Oxygen Fuel Block,4312,C-J6MT,2025-11-02 09:05:43,3670.0,16.8348623853211,,
21330.0,22820.0,22908.46,21330.0,1263.19,19560.0,0.01,0.01,0.15,791.18,Oxygen Fuel Block,4312,jita,2025-11-02 09:05:43,1770.0,9.049079754601227,,
396.4,497.2,480.58,396.6,236.03,360.1,1.15,10.53,360.0,155.66,Oxygen,3683,jita,2025-11-02 09:15:52,36.299999999999955,10.080533185226313,-0.02522068095839325,0.07071067811867082
458.9,508.0,517.28,458.9,98.54,430.4,388.4,394.36,430.4,33.16,Oxygen,3683,C-J6MT,2025-11-02 09:15:52,28.5,6.621747211895911,0.0,0.0
15020.0,15740.0,15653.14,15040.0,495.19,11880.0,11540.0,10318.88,11880.0,1447.21,Coolant,9832,C-J6MT,2025-11-02 09:15:54,3140.0,26.430976430976433,0.0,0.0
13490.0,13860.0,14102.55,13490.0,8217.84,12350.0,29.0,186.71,12350.0,5244.78,Coolant,9832,jita,2025-11-02 09:15:54,1140.0,9.230769230769232,-0.07407407407407085,7.0710678118654755
14870.0,15850.0,15811.54,15000.0,553.37,12900.0,12860.0,12345.52,12900.0,1166.32,Enriched Uranium,44,C-J6MT,2025-11-02 09:15:56,1970.0,15.271317829457365,0.0,0.0
14350.0,14900.0,16073.44,14370.0,12160.46,14120.0,1.15,18.25,14120.0,6202.45,Enriched Uranium,44,jita,2025-11-02 09:15:56,230.0,1.6288951841359773,0.0,0.0
12360.0,12620.0,12787.74,12360.0,330.02,12080.0,3100.0,109.96,12080.0,5405.14,Mechanical Parts,3689,jita,2025-11-02 09:15:57,280.0,2.3178807947019866,0.24330900243310083,21.213203435596427
14870.0,14970.0,14950.89,14870.0,42.68,12430.0,10930.0,10661.5,12430.0,1296.66,Mechanical Parts,3689,C-J6MT,2025-11-02 09:15:57,2440.0,19.629927594529363,0.0,0.0
91480.0,92300.0,92890.67,91480.0,1079.55,85580.0,84380.0,84209.74,85580.0,537.96,Robotics,9848,C-J6MT,2025-11-02 09:15:59,5900.0,6.8941341434914705,0.0,0.0
90330.0,91090.0,92754.93,90340.0,3635.57,87400.0,9249.0,789.89,87400.0,36447.58,Robotics,9848,jita,2025-11-02 09:15:59,2930.0,3.3524027459954233,0.0,0.0
107.0,115.0,129.2,107.0,59.44,82.06,60.01,46.96,82.05,23.1,Liquid Ozone,16273,C-J6MT,2025-11-02 09:16:00,24.939999999999998,30.392395807945405,0.0,0.0
130.5,173.0,168.93,145.0,1134.64,130.4,25.02,28.97,130.4,28.89,Liquid Ozone,16273,jita,2025-11-02 09:16:00,0.09999999999999432,0.07668711656441281,0.0,0.0
114.4,121.1,126.34,114.5,3214.19,104.0,12.07,23.06,104.0,37.15,Heavy Water,16272,jita,2025-11-02 09:16:02,10.400000000000006,10.000000000000005,0.0,0.0
35.97,39.99,42.2,35.97,6.83,23.05,19.12,18.74,23.04,3.45,Heavy Water,16272,C-J6MT,2025-11-02 09:16:02,12.919999999999998,56.05206073752711,0.0,0.0
4413.0,4963.0,5176.37,4750.0,109349.91,4400.0,3322.0,1445.87,4400.0,1385.59,Strontium Clathrates,16275,jita,2025-11-02 09:16:03,13.0,0.29545454545454547,0.0,0.0
3917.0,3995.0,4551.65,3917.0,4326.37,3532.0,2955.0,2888.56,3532.0,521.63,Strontium Clathrates,16275,C-J6MT,2025-11-02 09:16:03,385.0,10.900339750849378,0.0,0.0
1187.0,1300.0,1271.57,1189.0,74.37,936.2,936.1,935.89,936.2,0.63,Helium Isotopes,16274,C-J6MT,2025-11-02 09:16:05,250.79999999999995,26.789147618030327,0.0,0.0
1063.0,1114.0,1147.43,1065.0,108.45,945.3,861.3,593.93,945.3,300.34,Helium Isotopes,16274,jita,2025-11-02 09:16:05,117.70000000000005,12.451073733206396,-0.09398496240601295,0.7071067811865476
666.7,748.9,778.54,723.9,137.91,666.6,80.0,58.01,666.1,307.05,Hydrogen Isotopes,17889,jita,2025-11-02 09:16:06,0.10000000000002274,0.015001500150018412,0.0,0.0
768.7,775.2,797.65,768.7,70.37,692.4,687.2,651.62,692.0,86.82,Hydrogen Isotopes,17889,C-J6MT,2025-11-02 09:16:06,76.30000000000007,11.019641825534384,0.0,0.0
916.0,960.4,963.15,917.8,34.84,873.2,756.1,683.73,873.2,178.12,Nitrogen Isotopes,17888,C-J6MT,2025-11-02 09:16:07,42.799999999999955,4.901511681172693,-0.185245723003169,1.202081528017163
788.2,858.9,864.46,789.8,52.6,725.0,0.11,0.53,720.1,260.84,Nitrogen Isotopes,17888,jita,2025-11-02 09:16:07,63.200000000000045,8.717241379310352,-0.18994554894263826,1.0606601717798212
890.0,910.8,1011.73,890.0,283.25,833.0,0.15,0.5,832.0,277.49,Oxygen Isotopes,17887,jita,2025-11-02 09:16:09,57.0,6.8427370948379345,6.82991237546513,40.23437584951458
1016.0,1070.0,1111.82,1016.0,95.5,915.0,910.1,633.76,915.0,272.98,Oxygen Isotopes,17887,C-J6MT,2025-11-02 09:16:09,101.0,11.03825136612022,0.0,0.0
25680.0,25690.0,25685.16,25680.0,5.0,17200.0,17090.0,17100.41,17200.0,34.08,Helium Fuel Block,4247,C-J6MT,2025-11-02 09:16:10,8480.0,49.30232558139535,0.0,0.0
23900.0,24950.0,26138.59,24000.0,1207065.18,22770.0,0.01,0.01,0.01,1095.56,Helium Fuel Block,4247,jita,2025-11-02 09:16:10,1130.0,4.962670180061485,-0.37515631513130865,63.63961030678928
19160.0,19840.0,20105.68,19160.0,809.06,16300.0,16260.0,15886.43,16300.0,1090.52,Hydrogen Fuel Block,4246,C-J6MT,2025-11-02 09:16:11,2860.0,17.54601226993865,0.0,0.0
20950.0,21740.0,22065.11,21250.0,751.35,20010.0,0.01,0.01,0.15,1102.69,Hydrogen Fuel Block,4246,jita,2025-11-02 09:16:11,940.0,4.697651174412794,0.0,0.0
21080.0,21850.0,22113.69,21080.0,965.87,20210.0,0.01,0.01,0.15,1201.04,Nitrogen Fuel Block,4051,jita,2025-11-02 09:16:12,870.0,4.304799604156359,1.0062290368950677,148.49242404917499
24500.0,24890.0,25125.2,24500.0,357.5,20040.0,20040.0,20040.0,20040.0,0.0,Nitrogen Fuel Block,4051,C-J6MT,2025-11-02 09:16:12,4460.0,22.255489021956087,0.0,0.0
21330.0,22820.0,22908.9,21330.0,1263.08,19560.0,0.01,0.01,0.15,791.18,Oxygen Fuel Block,4312,jita,2025-11-02 09:16:13,1770.0,9.049079754601227,0.0,0.0
25470.0,25500.0,25657.49,25470.0,201.72,21800.0,21710.0,21399.67,21800.0,719.06,Oxygen Fuel Block,4312,C-J6MT,2025-11-02 09:16:13,3670.0,16.8348623853211,0.0,0.0
458.9,510.0,517.8,458.9,98.77,430.4,388.4,394.36,430.4,33.16,Oxygen,3683,C-J6MT,2025-11-02 10:16:37,28.5,6.621747211895911,0.0,0.0
396.2,495.2,479.5,396.2,234.89,362.0,1.15,12.29,362.0,159.79,Oxygen,3683,jita,2025-11-02 10:16:37,34.19999999999999,9.447513812154693,-0.050454086781026586,0.15275252316520613
15010.0,15740.0,15630.09,15010.0,500.95,11880.0,11540.0,10318.88,11880.0,1447.21,Coolant,9832,C-J6MT,2025-11-02 10:16:38,3130.0,26.346801346801346,-0.06657789613848664,5.773502691895995
13440.0,13790.0,14051.53,13450.0,8130.65,12350.0,29.0,186.71,12350.0,5244.78,Coolant,9832,jita,2025-11-02 10:16:38,1090.0,8.82591093117409,-0.3706449221645647,32.14550253664292
14370.0,14900.0,15890.55,14370.0,11493.43,14120.0,1.15,18.25,14120.0,6202.45,Enriched Uranium,44,jita,2025-11-02 10:16:39,250.0,1.7705382436260624,0.13937282229965486,11.547005383792778
14870.0,15850.0,15811.54,15000.0,553.37,12900.0,12860.0,12345.52,12900.0,1166.32,Enriched Uranium,44,C-J6MT,2025-11-02 10:16:39,1970.0,15.271317829457365,0.0,0.0
10000.0,11570.0,12278.85,10100.0,3608994.77,18000.0,1.15,6.11,12410.0,4670.94,Mechanical Parts,3689,C-J6MT,2025-11-02 10:16:40,-8000.0,-44.44444444444444,-32.75050437121722,2811.695810953477
12390.0,12580.0,12766.1,12390.0,332.8,12080.0,3100.0,109.96,12080.0,5405.14,Mechanical Parts,3689,jita,2025-11-02 10:16:40,310.0,2.566225165562914,0.24271844660195274,30.0
90460.0,91090.0,92735.74,90470.0,3621.85,87430.0,9249.0,805.83,87400.0,36596.54,Robotics,9848,jita,2025-11-02 10:16:41,3030.0,3.4656296465744023,0.14391674969556068,75.05553499465346
90000.0,92200.0,92363.28,90000.0,1481.47,85580.0,84400.0,84240.56,85580.0,552.31,Robotics,9848,C-J6MT,2025-11-02 10:16:41,4420.0,5.164758121056321,-1.617839965019674,854.4783984006483
107.0,115.0,129.21,107.0,59.44,82.06,60.01,46.96,82.05,23.1,Liquid Ozone,16273,C-J6MT,2025-11-02 10:16:42,24.939999999999998,30.392395807945405,0.0,0.0
130.5,173.0,168.93,145.0,1134.68,130.4,25.02,28.95,130.4,28.81,Liquid Ozone,16273,jita,2025-11-02 10:16:42,0.09999999999999432,0.07668711656441281,0.0,0.0
114.2,121.1,126.23,114.4,3200.23,104.0,12.07,23.04,104.0,37.13,Heavy Water,16272,jita,2025-11-02 10:16:43,10.200000000000003,9.80769230769231,-0.17482517482517723,0.11547005383792884
32.0,39.99,39.31,32.0,7.45,23.05,19.12,18.74,23.04,3.45,Heavy Water,16272,C-J6MT,2025-11-02 10:16:43,8.95,38.828633405639906,-11.036975257158744,2.2920805686828145
3900.0,3967.0,4342.55,3900.0,3648.27,3532.0,2955.0,2888.56,3532.0,521.63,Strontium Clathrates,16275,C-J6MT,2025-11-02 10:16:44,368.0,10.419026047565119,-0.43400561654327596,9.814954576223704
4750.0,4963.0,5177.82,4750.0,109483.16,4400.0,3322.0,1445.87,4400.0,1385.59,Strontium Clathrates,16275,jita,2025-11-02 10:16:44,350.0,7.954545454545454,7.636528438703838,194.56704071690402
1064.0,1114.0,1147.28,1065.0,108.42,945.3,861.3,593.88,945.3,300.36,Helium Isotopes,16274,jita,2025-11-02 10:16:46,118.70000000000005,12.556860256003391,0.09407337723423836,0.5773502691896093
1187.0,1300.0,1271.83,1189.0,74.33,936.3,936.1,935.93,936.3,0.61,Helium Isotopes,16274,C-J6MT,2025-11-02 10:16:46,250.70000000000005,26.775606109153056,0.0,0.0
723.0,748.9,777.97,723.7,136.94,666.7,80.0,58.59,666.1,307.27,Hydrogen Isotopes,17889,jita,2025-11-02 10:16:47,56.299999999999955,8.444577771111437,8.444577771111428,32.5048201553759
768.7,775.2,797.84,768.7,70.55,692.5,687.2,651.63,692.5,86.82,Hydrogen Isotopes,17889,C-J6MT,2025-11-02 10:16:47,76.20000000000005,11.003610108303254,0.0,0.0
788.1,858.9,864.02,789.8,52.77,745.2,0.11,0.56,725.0,265.23,Nitrogen Isotopes,17888,jita,2025-11-02 10:16:48,42.89999999999998,5.7568438003220574,-0.01268713524485987,0.8962886439832664
917.6,960.4,963.21,917.8,34.82,873.2,756.1,683.73,873.2,178.12,Nitrogen Isotopes,17888,C-J6MT,2025-11-02 10:16:48,44.39999999999998,5.0847457627118615,0.17467248908296096,0.9539392014169659
888.9,910.8,1011.17,890.0,282.81,832.0,0.15,0.49,832.0,276.9,Oxygen Isotopes,17887,jita,2025-11-02 10:16:49,56.89999999999998,6.838942307692306,-0.12359550561797938,32.53833636394668
1017.0,1070.0,1115.23,1017.0,95.31,915.0,910.1,633.76,915.0,272.98,Oxygen Isotopes,17887,C-J6MT,2025-11-02 10:16:49,102.0,11.147540983606557,0.09842519685039353,0.5773502691896093
25000.0,25680.0,25524.75,25000.0,289.12,17200.0,17090.0,17100.41,17200.0,34.08,Helium Fuel Block,4247,C-J6MT,2025-11-02 10:16:49,7800.0,45.348837209302324,-2.6479750778816147,392.598183048945
24000.0,24950.0,26169.45,24000.0,1215300.17,22750.0,0.01,0.01,0.01,1094.77,Helium Fuel Block,4247,jita,2025-11-02 10:16:49,1250.0,5.4945054945054945,0.4184100418409997,55.07570547286132
21250.0,21740.0,22071.5,21250.0,750.35,20010.0,0.01,0.01,0.15,1102.69,Hydrogen Fuel Block,4246,jita,2025-11-02 10:16:50,1240.0,6.196901549225387,1.4319809069212486,173.20508075688772
19140.0,19300.0,19874.77,19140.0,820.1,16300.0,16260.0,15886.43,16300.0,1090.52,Hydrogen Fuel Block,4246,C-J6MT,2025-11-02 10:16:50,2840.0,17.42331288343558,-0.10438413361169019,11.54700538379199
24500.0,24890.0,25125.2,24500.0,357.5,20040.0,20040.0,20040.0,20040.0,0.0,Nitrogen Fuel Block,4051,C-J6MT,2025-11-02 10:16:52,4460.0,22.255489021956087,0.0,0.0
21110.0,21560.0,22045.84,21110.0,965.33,20210.0,0.01,0.01,0.15,1201.04,Nitrogen Fuel Block,4051,jita,2025-11-02 10:16:52,900.0,4.453240969816923,0.14231499051233776,130.7669683062202
25470.0,25500.0,25661.08,25470.0,201.93,21800.0,21710.0,21399.67,21800.0,719.06,Oxygen Fuel Block,4312,C-J6MT,2025-11-02 10:16:53,3670.0,16.8348623853211,0.0,0.0
21340.0,22820.0,22927.12,21340.0,1261.74,19560.0,0.01,0.01,0.15,791.18,Oxygen Fuel Block,4312,jita,2025-11-02 10:16:53,1780.0,9.100204498977506,0.046882325363339916,5.773502691896783
396.2,495.2,479.56,396.2,234.95,362.0,1.15,12.29,362.0,159.79,Oxygen,3683,jita,2025-11-02 10:54:58,34.19999999999999,9.447513812154693,0.0,0.15000000000001043
458.9,510.0,517.8,458.9,98.77,430.4,388.4,394.36,430.4,33.16,Oxygen,3683,C-J6MT,2025-11-02 10:54:58,28.5,6.621747211895911,0.0,0.0
13450.0,13790.0,14057.81,13450.0,8171.08,12350.0,29.0,186.71,12350.0,5244.78,Coolant,9832,jita,2025-11-02 10:55:00,1100.0,8.906882591093117,0.07440476190476719,29.439202887759233
15000.0,15680.0,15618.33,15000.0,503.66,11880.0,11540.0,10318.88,11880.0,1447.21,Coolant,9832,C-J6MT,2025-11-02 10:55:00,3120.0,26.262626262626267,-0.06662225183211579,9.574271077563143
14370.0,14900.0,15900.68,14390.0,11528.26,14120.0,1.15,18.25,14120.0,6202.45,Enriched Uranium,44,jita,2025-11-02 10:55:02,250.0,1.7705382436260624,0.0,11.547005383792778
14860.0,15850.0,15787.82,14860.0,566.23,12900.0,12860.0,12345.52,12900.0,1166.32,Enriched Uranium,44,C-J6MT,2025-11-02 10:55:02,1960.0,15.193798449612403,-0.06724949562878502,5.0
12380.0,12580.0,12764.76,12390.0,333.01,12100.0,3100.0,115.17,12080.0,5421.24,Mechanical Parts,3689,jita,2025-11-02 10:55:03,280.0,2.3140495867768593,-0.08071025020177647,26.457513110645905
10000.0,11690.0,12303.53,10100.0,3638080.39,18000.0,1.15,6.18,12410.0,4680.51,Mechanical Parts,3689,C-J6MT,2025-11-02 10:55:03,-8000.0,-44.44444444444444,0.0,2811.695810953477
90000.0,92200.0,92363.28,90000.0,1481.47,85580.0,84400.0,84240.56,85580.0,552.31,Robotics,9848,C-J6MT,2025-11-02 10:55:05,4420.0,5.164758121056321,0.0,854.4783984006483
90450.0,91090.0,92715.34,90460.0,3612.54,87450.0,9249.0,813.01,87400.0,36661.74,Robotics,9848,jita,2025-11-02 10:55:05,3000.0,3.430531732418525,-0.011054609772276347,72.2841614740069
107.0,115.0,129.22,107.0,59.46,82.06,60.01,46.96,82.05,23.1,Liquid Ozone,16273,C-J6MT,2025-11-02 10:55:07,24.939999999999998,30.392395807945405,0.0,0.0
130.5,173.0,168.93,145.0,1134.7,130.4,25.02,28.92,130.4,28.7,Liquid Ozone,16273,jita,2025-11-02 10:55:07,0.09999999999999432,0.07668711656441281,0.0,0.0
114.1,121.1,126.14,114.2,3189.52,104.1,12.07,23.05,104.0,37.14,Heavy Water,16272,jita,2025-11-02 10:55:08,10.0,9.606147934678194,-0.08756567425569628,0.1500000000000078
32.0,39.99,40.67,32.0,7.26,23.05,21.01,18.69,23.05,3.65,Heavy Water,16272,C-J6MT,2025-11-02 10:55:08,8.95,38.828633405639906,0.0,2.2920805686828145
3900.0,3967.0,4345.4,3900.0,3658.72,3532.0,2955.0,2888.56,3532.0,521.63,Strontium Clathrates,16275,C-J6MT,2025-11-02 10:55:09,368.0,10.419026047565119,0.0,9.814954576223704
4750.0,4963.0,5177.82,4750.0,109483.16,4400.0,3322.0,1445.87,4400.0,1385.59,Strontium Clathrates,16275,jita,2025-11-02 10:55:09,350.0,7.954545454545454,0.0,194.56704071690402
1187.0,1300.0,1272.1,1189.0,74.28,936.3,936.1,935.93,936.3,0.61,Helium Isotopes,16274,C-J6MT,2025-11-02 10:55:10,250.70000000000005,26.775606109153056,0.0,0.0
1065.0,1114.0,1148.28,1069.0,108.63,945.3,861.3,593.88,945.3,300.36,Helium Isotopes,16274,jita,2025-11-02 10:55:10,119.70000000000005,12.662646778800385,0.09398496240602405,0.8164965809277028
723.7,748.9,778.54,723.7,137.48,667.0,80.0,62.24,667.0,308.44,Hydrogen Isotopes,17889,jita,2025-11-02 10:55:12,56.700000000000045,8.500749625187414,0.09681881051175623,32.70814118839526
768.7,775.2,797.84,768.7,70.55,692.7,687.2,651.68,692.6,86.84,Hydrogen Isotopes,17889,C-J6MT,2025-11-02 10:55:12,76.0,10.971560560127038,0.0,0.0
917.6,960.4,963.28,917.8,34.81,873.3,756.1,683.74,873.3,178.13,Nitrogen Isotopes,17888,C-J6MT,2025-11-02 10:55:13,44.30000000000007,5.072712698957984,0.0,0.8180260794538843
788.8,858.9,863.79,789.8,52.85,745.2,0.11,0.56,725.0,265.23,Nitrogen Isotopes,17888,jita,2025-11-02 10:55:13,43.59999999999991,5.850778314546417,0.08882121558178024,0.7348469228349611
1017.0,1070.0,1115.82,1017.0,95.26,915.0,910.1,633.76,915.0,272.98,Oxygen Isotopes,17887,C-J6MT,2025-11-02 10:55:14,102.0,11.147540983606557,0.0,0.5773502691896093
890.0,910.8,1012.72,890.0,284.02,832.4,0.15,0.57,832.3,292.15,Oxygen Isotopes,17887,jita,2025-11-02 10:55:14,57.60000000000002,6.9197501201345535,0.12374845314433447,28.271422555883785
25000.0,25680.0,25524.75,25000.0,289.12,17300.0,17090.0,17103.56,17300.0,42.22,Helium Fuel Block,4247,C-J6MT,2025-11-02 10:55:15,7700.0,44.50867052023121,0.0,392.598183048945
23990.0,24950.0,26137.01,23990.0,1206627.35,22750.0,0.01,0.01,0.01,1094.77,Helium Fuel Block,4247,jita,2025-11-02 10:55:15,1240.0,5.450549450549451,-0.04166666666666208,46.90415759823462
21240.0,21740.0,22062.53,21240.0,751.35,20010.0,0.01,0.01,0.15,1102.69,Hydrogen Fuel Block,4246,jita,2025-11-02 10:55:16,1230.0,6.146926536731634,-0.04705882352941115,170.36725037400822
19140.0,19300.0,19874.77,19140.0,820.1,16310.0,16260.0,15968.66,16310.0,989.13,Hydrogen Fuel Block,4246,C-J6MT,2025-11-02 10:55:16,2830.0,17.351318209687307,0.0,11.54700538379199
24500.0,24890.0,25125.2,24500.0,357.5,20040.0,20040.0,20040.0,20040.0,0.0,Nitrogen Fuel Block,4051,C-J6MT,2025-11-02 10:55:17,4460.0,22.255489021956087,0.0,0.0
21120.0,21860.0,22131.53,21130.0,962.98,20230.0,0.01,0.01,0.15,1310.5,Nitrogen Fuel Block,4051,jita,2025-11-02 10:55:17,890.0,4.39940682155215,0.0473709142586376,117.89826122551597
21340.0,22820.0,22950.98,21340.0,1255.56,19560.0,0.01,0.01,0.15,791.18,Oxygen Fuel Block,4312,jita,2025-11-02 10:55:19,1780.0,9.100204498977506,0.0,5.773502691896783
25470.0,25500.0,25661.08,25470.0,201.93,21710.0,19530.0,19825.68,21710.0,497.07,Oxygen Fuel Block,4312,C-J6MT,2025-11-02 10:55:19,3760.0,17.319207738369418,0.0,0.0
458.9,510.0,517.8,458.9,98.77,430.4,388.4,394.36,430.4,33.16,Oxygen,3683,C-J6MT,2025-11-02 11:07:02,28.5,6.621747211895911,0.0,0.0
396.2,495.2,479.56,396.2,234.95,362.0,1.15,12.29,362.0,159.79,Oxygen,3683,jita,2025-11-02 11:07:02,34.19999999999999,9.447513812154693,0.0,0.1414213562373203
15000.0,15680.0,15618.33,15000.0,503.66,11880.0,11540.0,10318.88,11880.0,1447.21,Coolant,9832,C-J6MT,2025-11-02 11:07:04,3120.0,26.262626262626267,0.0,9.99999999999983
13450.0,13790.0,14057.81,13450.0,8171.08,12350.0,29.0,186.71,12350.0,5244.78,Coolant,9832,jita,2025-11-02 11:07:04,1100.0,8.906882591093117,0.0,27.018512172212382
14370.0,14900.0,15900.68,14390.0,11528.26,14120.0,1.15,18.25,14120.0,6202.45,Enriched Uranium,44,jita,2025-11-02 11:07:05,250.0,1.7705382436260624,0.0,10.95445115010353
14860.0,15850.0,15787.82,14860.0,566.23,12900.0,12860.0,12345.52,12900.0,1166.32,Enriched Uranium,44,C-J6MT,2025-11-02 11:07:05,1960.0,15.193798449612403,0.0,5.477225575051661
12380.0,12580.0,12764.76,12390.0,333.01,12100.0,3100.0,115.17,12080.0,5421.24,Mechanical Parts,3689,jita,2025-11-02 11:07:06,280.0,2.3140495867768593,0.0,23.874672772626646
10000.0,11690.0,12303.53,10100.0,3638080.39,18000.0,1.15,6.18,12410.0,4680.51,Mechanical Parts,3689,C-J6MT,2025-11-02 11:07:06,-8000.0,-44.44444444444444,0.0,2667.4088550501588
90000.0,92200.0,92363.28,90000.0,1481.47,85580.0,84400.0,84240.56,85580.0,552.31,Robotics,9848,C-J6MT,2025-11-02 11:07:08,4420.0,5.164758121056321,0.0,810.6293851076475
90450.0,91090.0,92715.34,90460.0,3612.54,87450.0,9249.0,813.01,87400.0,36661.74,Robotics,9848,jita,2025-11-02 11:07:08,3000.0,3.430531732418525,0.0,67.6756972627562
130.5,173.0,168.93,145.0,1134.7,130.4,25.02,28.92,130.4,28.7,Liquid Ozone,16273,jita,2025-11-02 11:07:10,0.09999999999999432,0.07668711656441281,0.0,0.0
107.0,115.0,129.22,107.0,59.46,82.06,60.01,46.96,82.05,23.1,Liquid Ozone,16273,C-J6MT,2025-11-02 11:07:10,24.939999999999998,30.392395807945405,0.0,0.0
114.1,121.1,126.14,114.2,3189.52,104.1,12.07,23.05,104.0,37.14,Heavy Water,16272,jita,2025-11-02 11:07:11,10.0,9.606147934678194,0.0,0.15165750888104024
32.0,39.99,40.67,32.0,7.26,23.05,21.01,18.69,23.05,3.65,Heavy Water,16272,C-J6MT,2025-11-02 11:07:11,8.95,38.828633405639906,0.0,2.17445855329551
3900.0,3967.0,4345.4,3900.0,3658.72,3532.0,2955.0,2888.56,3532.0,521.63,Strontium Clathrates,16275,C-J6MT,2025-11-02 11:07:12,368.0,10.419026047565119,0.0,9.311283477587896
4750.0,4963.0,5177.82,4750.0,109483.16,4400.0,3322.0,1445.87,4400.0,1385.59,Strontium Clathrates,16275,jita,2025-11-02 11:07:12,350.0,7.954545454545454,0.0,184.5825018792411
1065.0,1114.0,1148.28,1069.0,108.63,945.3,861.3,593.88,945.3,300.36,Helium Isotopes,16274,jita,2025-11-02 11:07:14,119.70000000000005,12.662646778800385,0.0,0.8366600265340518
1187.0,1300.0,1272.1,1189.0,74.28,936.3,936.1,935.93,936.3,0.61,Helium Isotopes,16274,C-J6MT,2025-11-02 11:07:14,250.70000000000005,26.775606109153056,0.0,0.0
768.7,775.2,797.84,768.7,70.55,692.7,687.2,651.68,692.6,86.84,Hydrogen Isotopes,17889,C-J6MT,2025-11-02 11:07:15,76.0,10.971560560127038,0.0,0.0
723.7,748.9,778.54,723.7,137.48,667.0,80.0,62.24,667.0,308.44,Hydrogen Isotopes,17889,jita,2025-11-02 11:07:15,56.700000000000045,8.500749625187414,0.0,31.09369711050775
917.6,960.4,963.28,917.8,34.81,873.3,756.1,683.74,873.3,178.13,Nitrogen Isotopes,17888,C-J6MT,2025-11-02 11:07:16,44.30000000000007,5.072712698957984,0.0,0.7280109889280623
788.8,858.9,863.79,789.8,52.85,745.2,0.11,0.56,725.0,265.23,Nitrogen Isotopes,17888,jita,2025-11-02 11:07:16,43.59999999999991,5.850778314546417,0.0,0.637965516309467
1017.0,1070.0,1115.82,1017.0,95.26,915.0,910.1,633.76,915.0,272.98,Oxygen Isotopes,17887,C-J6MT,2025-11-02 11:07:17,102.0,11.147540983606557,0.0,0.5477225575051505
890.0,910.8,1012.72,890.0,284.02,832.4,0.15,0.57,832.3,292.15,Oxygen Isotopes,17887,jita,2025-11-02 11:07:17,57.60000000000002,6.9197501201345535,0.0,25.327948989209546
23990.0,24950.0,26137.01,23990.0,1206627.35,22750.0,0.01,0.01,0.01,1094.77,Helium Fuel Block,4247,jita,2025-11-02 11:07:19,1240.0,5.450549450549451,0.0,41.593268686171115
25000.0,25680.0,25524.75,25000.0,289.12,17300.0,17090.0,17103.56,17300.0,42.22,Helium Fuel Block,4247,C-J6MT,2025-11-02 11:07:19,7700.0,44.50867052023121,0.0,372.4513391035125
21240.0,21740.0,22062.53,21240.0,751.35,20010.0,0.01,0.01,0.15,1102.69,Hydrogen Fuel Block,4246,jita,2025-11-02 11:07:20,1230.0,6.146926536731634,0.0,160.7171428317465
19140.0,19300.0,19874.77,19140.0,820.1,16310.0,16260.0,15968.66,16310.0,989.13,Hydrogen Fuel Block,4246,C-J6MT,2025-11-02 11:07:20,2830.0,17.351318209687307,0.0,10.954451150102907
24500.0,24890.0,25125.2,24500.0,357.5,20040.0,20040.0,20040.0,20040.0,0.0,Nitrogen Fuel Block,4051,C-J6MT,2025-11-02 11:07:21,4460.0,22.255489021956087,0.0,0.0
21120.0,21860.0,22131.53,21130.0,962.98,20230.0,0.01,0.01,0.15,1310.5,Nitrogen Fuel Block,4051,jita,2025-11-02 11:07:21,890.0,4.39940682155215,0.0,107.47092630102338
21340.0,22820.0,22950.98,21340.0,1255.56,19560.0,0.01,0.01,0.15,791.18,Oxygen Fuel Block,4312,jita,2025-11-02 11:07:22,1780.0,9.100204498977506,0.0,5.477225575052076
25470.0,25500.0,25661.08,25470.0,201.93,21710.0,19530.0,19825.68,21710.0,497.07,Oxygen Fuel Block,4312,C-J6MT,2025-11-02 11:07:22,3760.0,17.319207738369418,0.0,0.0
396.1,497.2,479.79,396.2,235.21,362.0,1.15,12.29,362.0,159.79,Oxygen,3683,jita,2025-11-02 11:13:06,34.10000000000002,9.419889502762437,-0.025239777889940473,0.15055453054181803
458.9,510.0,517.8,458.9,98.77,430.4,388.4,394.36,430.4,33.16,Oxygen,3683,C-J6MT,2025-11-02 11:13:06,28.5,6.621747211895911,0.0,0.0
15000.0,15680.0,15618.33,15000.0,503.66,11880.0,11540.0,10318.88,11880.0,1447.21,Coolant,9832,C-J6MT,2025-11-02 11:13:08,3120.0,26.262626262626267,0.0,9.831920802501674
13440.0,13790.0,14056.43,13440.0,8174.4,12350.0,29.0,186.71,12350.0,5244.78,Coolant,9832,jita,2025-11-02 11:13:08,1090.0,8.82591093117409,-0.07434944237918462,26.394443859771975
14860.0,15850.0,15787.82,14860.0,566.23,12900.0,12860.0,12345.52,12900.0,1166.32,Enriched Uranium,44,C-J6MT,2025-11-02 11:13:09,1960.0,15.193798449612403,0.0,5.477225575051661
14370.0,14900.0,15875.71,14370.0,11442.13,14120.0,1.15,18.25,14120.0,6202.45,Enriched Uranium,44,jita,2025-11-02 11:13:09,250.0,1.7705382436260624,0.0,10.327955589886574
12390.0,12580.0,12766.1,12390.0,332.8,12100.0,3100.0,115.17,12080.0,5421.24,Mechanical Parts,3689,jita,2025-11-02 11:13:11,290.0,2.396694214876033,0.08077544426494665,23.166067138525463
10000.0,11690.0,12304.82,10100.0,3639944.62,18000.0,1.15,6.16,12410.0,4679.08,Mechanical Parts,3689,C-J6MT,2025-11-02 11:13:11,-8000.0,-44.44444444444444,0.0,2514.8571861373493
90450.0,91090.0,92732.87,90470.0,3620.55,87450.0,9249.0,813.01,87400.0,36661.74,Robotics,9848,jita,2025-11-02 11:13:12,3000.0,3.430531732418525,0.0,63.377177806106225
90000.0,92200.0,92363.28,90000.0,1481.47,85580.0,84400.0,84240.56,85580.0,552.31,Robotics,9848,C-J6MT,2025-11-02 11:13:12,4420.0,5.164758121056321,0.0,764.268713651598
130.5,173.0,168.94,145.0,1134.82,130.4,25.02,28.92,130.4,28.7,Liquid Ozone,16273,jita,2025-11-02 11:13:13,0.09999999999999432,0.07668711656441281,0.0,0.0
106.0,115.0,129.1,107.0,59.35,82.06,60.01,46.96,82.05,23.1,Liquid Ozone,16273,C-J6MT,2025-11-02 11:13:13,23.939999999999998,29.173775286375818,-0.9345794392523366,0.40824829046386185
32.0,39.99,40.67,32.0,7.26,23.05,21.01,18.69,23.05,3.65,Heavy Water,16272,C-J6MT,2025-11-02 11:13:15,8.95,38.828633405639906,0.0,2.05009918459246
114.0,121.1,126.1,114.2,3184.76,104.1,12.07,23.05,104.0,37.14,Heavy Water,16272,jita,2025-11-02 11:13:15,9.900000000000006,9.510086455331418,-0.08764241893075564,0.16733200530682327
3900.0,3967.0,4345.4,3900.0,3658.72,3532.0,2955.0,2888.56,3532.0,521.63,Strontium Clathrates,16275,C-J6MT,2025-11-02 11:13:16,368.0,10.419026047565119,0.0,8.778762251403576
4749.0,4963.0,5177.92,4750.0,109495.93,4400.0,3322.0,1445.87,4400.0,1385.59,Strontium Clathrates,16275,jita,2025-11-02 11:13:16,349.0,7.931818181818182,-0.02105263157894388,173.89738353408322
1065.0,1114.0,1148.18,1069.0,108.61,945.4,861.3,593.72,945.3,300.41,Helium Isotopes,16274,jita,2025-11-02 11:13:18,119.60000000000002,12.650729849799031,0.0,0.816496580927688
1187.0,1300.0,1272.27,1189.0,74.26,936.3,936.1,935.93,936.3,0.61,Helium Isotopes,16274,C-J6MT,2025-11-02 11:13:18,250.70000000000005,26.775606109153056,0.0,0.0
723.0,748.9,778.53,723.0,137.54,667.0,80.0,62.24,667.0,308.44,Hydrogen Isotopes,17889,jita,2025-11-02 11:13:19,56.0,8.395802098950526,-0.09672516236010065,29.255609148788285
768.7,775.2,797.94,768.7,70.64,692.7,687.2,651.55,692.6,87.1,Hydrogen Isotopes,17889,C-J6MT,2025-11-02 11:13:19,76.0,10.971560560127038,0.0,0.0
788.8,858.9,863.78,788.8,52.88,745.2,0.11,0.56,725.0,265.23,Nitrogen Isotopes,17888,jita,2025-11-02 11:13:20,43.59999999999991,5.850778314546417,0.0,0.5715476066494098
917.6,960.4,963.28,917.8,34.81,873.3,756.1,683.74,873.3,178.13,Nitrogen Isotopes,17888,C-J6MT,2025-11-02 11:13:20,44.30000000000007,5.072712698957984,0.0,0.6625707509391052
890.0,910.8,1012.88,890.0,284.15,832.4,0.15,0.57,832.3,292.14,Oxygen Isotopes,17887,jita,2025-11-02 11:13:21,57.60000000000002,6.9197501201345535,0.0,23.14369604593587
1017.0,1070.0,1116.09,1017.0,95.24,915.0,910.1,633.76,915.0,272.98,Oxygen Isotopes,17887,C-J6MT,2025-11-02 11:13:21,102.0,11.147540983606557,0.0,0.5163977794943018
23990.0,24950.0,26137.01,23990.0,1206627.35,22720.0,0.01,0.01,0.01,1067.18,Helium Fuel Block,4247,jita,2025-11-02 11:13:22,1270.0,5.589788732394366,0.0,37.77124126457431
25000.0,25680.0,25524.75,25000.0,289.12,17300.0,17090.0,17103.56,17300.0,42.22,Helium Fuel Block,4247,C-J6MT,2025-11-02 11:13:22,7700.0,44.50867052023121,0.0,351.15049005613884
21240.0,21740.0,22063.12,21250.0,751.29,20020.0,0.01,0.01,0.15,1102.71,Hydrogen Fuel Block,4246,jita,2025-11-02 11:13:23,1220.0,6.093906093906094,0.0,151.09599597606814
19140.0,19300.0,19874.77,19140.0,820.1,16310.0,16260.0,15968.66,16310.0,989.13,Hydrogen Fuel Block,4246,C-J6MT,2025-11-02 11:13:23,2830.0,17.351318209687307,0.0,10.327955589886187
21260.0,21880.0,22214.77,21330.0,957.76,20230.0,0.01,0.01,0.15,1310.5,Nitrogen Fuel Block,4051,jita,2025-11-02 11:13:25,1030.0,5.0914483440435,0.6628787878787845,126.12163441165325
24500.0,24890.0,25125.2,24500.0,357.5,20040.0,20040.0,20040.0,20040.0,0.0,Nitrogen Fuel Block,4051,C-J6MT,2025-11-02 11:13:25,4460.0,22.255489021956087,0.0,0.0
25470.0,25500.0,25661.08,25470.0,201.93,21710.0,19530.0,19825.68,21710.0,497.07,Oxygen Fuel Block,4312,C-J6MT,2025-11-02 11:13:26,3760.0,17.319207738369418,0.0,0.0
21330.0,22820.0,22947.27,21340.0,1259.38,20000.0,0.01,0.01,0.15,793.72,Oxygen Fuel Block,4312,jita,2025-11-02 11:13:26,1330.0,6.65,-0.046860356138711534,5.477225575051993
458.9,510.0,517.8,458.9,98.77,431.0,388.4,394.47,431.0,33.29,Oxygen,3683,C-J6MT,2025-11-02 12:31:44,27.899999999999977,6.4733178654292285,0.0,0.0
396.3,497.2,480.98,396.3,236.45,362.0,1.15,12.29,362.0,159.79,Oxygen,3683,jita,2025-11-02 12:31:44,34.30000000000001,9.475138121546964,0.05049229992426518,0.13801311186847376
13300.0,13690.0,13994.46,13370.0,7856.01,12350.0,29.0,186.71,12350.0,5244.78,Coolant,9832,jita,2025-11-02 12:31:46,950.0,7.6923076923076925,-1.041666666666663,65.68322247184331
15000.0,15680.0,15618.33,15000.0,503.66,11900.0,11540.0,10325.14,11900.0,1454.42,Coolant,9832,C-J6MT,2025-11-02 12:31:46,3100.0,26.05042016806723,0.0,9.511897312113371
14860.0,15850.0,15787.82,14860.0,566.23,12910.0,12860.0,12355.38,12910.0,1170.46,Enriched Uranium,44,C-J6MT,2025-11-02 12:31:47,1950.0,15.104570100697135,0.0,5.3452248382484475
14370.0,14900.0,15875.71,14370.0,11442.13,14140.0,1.15,18.04,14120.0,6195.12,Enriched Uranium,44,jita,2025-11-02 12:31:47,230.0,1.6265912305516266,0.0,9.759000729485344
12380.0,12580.0,12760.28,12380.0,333.7,12110.0,3100.0,112.77,12100.0,5415.55,Mechanical Parts,3689,jita,2025-11-02 12:31:49,270.0,2.2295623451692816,-0.08071025020177647,21.380899352994014
10000.0,11690.0,12310.32,10100.0,3640812.04,18000.0,1.15,6.2,12410.0,4677.85,Mechanical Parts,3689,C-J6MT,2025-11-02 12:31:49,-8000.0,-44.44444444444444,0.0,2376.3166776296785
90000.0,92200.0,92363.28,90000.0,1481.47,85610.0,84470.0,84440.35,85610.0,738.39,Robotics,9848,C-J6MT,2025-11-02 12:31:50,4390.0,5.127905618502512,0.0,722.1660539819154
90420.0,91080.0,92669.41,90430.0,3591.64,87300.0,9249.0,726.19,87300.0,35796.86,Robotics,9848,jita,2025-11-02 12:31:50,3120.0,3.5738831615120272,-0.033167495854058426,57.94085654478162
106.0,115.0,129.12,107.0,59.37,83.0,60.01,47.32,83.0,23.21,Liquid Ozone,16273,C-J6MT,2025-11-02 12:31:51,23.0,27.710843373493976,0.0,0.4879500364742644
130.5,173.0,168.94,145.0,1134.85,130.4,25.02,28.83,130.4,28.42,Liquid Ozone,16273,jita,2025-11-02 12:31:51,0.09999999999999432,0.07668711656441281,0.0,0.0
32.0,39.99,40.67,32.0,7.26,23.11,21.01,18.79,23.11,3.73,Heavy Water,16272,C-J6MT,2025-11-02 12:31:53,8.89,38.46819558632627,0.0,1.9371616448028395
113.9,121.1,126.01,114.0,3172.7,104.1,12.07,23.05,104.0,37.14,Heavy Water,16272,jita,2025-11-02 12:31:53,9.800000000000011,9.414024975984642,-0.08771929824561431,0.19023794624227347
3900.0,3967.0,4345.53,3900.0,3659.19,3540.0,2955.0,2888.96,3540.0,522.18,Strontium Clathrates,16275,C-J6MT,2025-11-02 12:31:54,360.0,10.16949152542373,0.0,8.295150620062646
4749.0,4963.0,5177.07,4750.0,109285.88,4400.0,3322.0,1445.87,4400.0,1385.59,Strontium Clathrates,16275,jita,2025-11-02 12:31:54,349.0,7.931818181818182,0.0,164.24459112642262
1068.0,1113.0,1145.87,1068.0,107.98,945.6,861.3,597.56,945.3,298.9,Helium Isotopes,16274,jita,2025-11-02 12:31:55,122.39999999999998,12.94416243654822,0.28169014084507005,1.5735915849388384
1189.0,1300.0,1273.09,1190.0,74.14,936.3,936.1,935.93,936.3,0.61,Helium Isotopes,16274,C-J6MT,2025-11-02 12:31:55,252.70000000000005,26.989212859126354,0.16849199663016012,0.7559289460184687
723.0,750.8,780.21,723.0,139.1,667.0,80.0,62.24,667.0,308.44,Hydrogen Isotopes,17889,jita,2025-11-02 12:31:56,56.0,8.395802098950526,0.0,27.609987840841704
768.6,768.9,797.0,768.6,69.74,694.0,687.2,651.9,694.0,87.22,Hydrogen Isotopes,17889,C-J6MT,2025-11-02 12:31:56,74.60000000000002,10.749279538904903,-0.013008976193573663,0.03779644730092773
917.5,960.4,963.32,917.5,34.8,874.0,756.1,689.54,873.7,177.25,Nitrogen Isotopes,17888,C-J6MT,2025-11-02 12:31:58,43.5,4.977116704805492,-0.010897994768965802,0.6074928962939612
784.0,858.9,863.25,788.8,53.11,702.2,0.11,0.21,702.2,163.18,Nitrogen Isotopes,17888,jita,2025-11-02 12:31:58,81.79999999999995,11.649102819709476,-0.6085192697768749,1.8635603405463228
890.0,910.8,1014.08,904.8,285.07,832.4,0.15,0.57,832.3,292.14,Oxygen Isotopes,17887,jita,2025-11-02 12:31:59,57.60000000000002,6.9197501201345535,0.0,21.44080444475198
1017.0,1070.0,1117.81,1017.0,95.1,915.0,910.1,633.76,915.0,272.98,Oxygen Isotopes,17887,C-J6MT,2025-11-02 12:31:59,102.0,11.147540983606557,0.0,0.48795003647424107
25000.0,25680.0,25530.0,25000.0,285.74,17300.0,17090.0,17103.56,17300.0,42.22,Helium Fuel Block,4247,C-J6MT,2025-11-02 12:32:00,7700.0,44.50867052023121,0.0,331.80602480250104
23990.0,24950.0,26142.52,23990.0,1208104.71,22720.0,0.01,0.01,0.01,1067.18,Helium Fuel Block,4247,jita,2025-11-02 12:32:00,1270.0,5.589788732394366,0.0,34.84660262185854
21250.0,21740.0,22074.22,21250.0,750.06,20000.0,0.01,0.01,0.15,1093.83,Hydrogen Fuel Block,4246,jita,2025-11-02 12:32:01,1250.0,6.25,0.047080979284364055,143.52700094407325
19140.0,19300.0,19874.77,19140.0,820.1,16310.0,16260.0,15968.66,16310.0,989.13,Hydrogen Fuel Block,4246,C-J6MT,2025-11-02 12:32:01,2830.0,17.351318209687307,0.0,9.759000729485193
24500.0,24890.0,25128.97,24500.0,355.26,20040.0,20040.0,20040.0,20040.0,0.0,Nitrogen Fuel Block,4051,C-J6MT,2025-11-02 12:32:03,4460.0,22.255489021956087,0.0,0.0
21260.0,21880.0,22214.77,21330.0,957.76,20230.0,0.01,0.01,0.15,1310.5,Nitrogen Fuel Block,4051,jita,2025-11-02 12:32:03,1030.0,5.0914483440435,0.0,131.23951205261946
21340.0,22820.0,22961.89,21350.0,1255.37,20000.0,0.01,0.01,0.15,793.72,Oxygen Fuel Block,4312,jita,2025-11-02 12:32:04,1340.0,6.7,0.046882325363339916,5.345224838248731
25460.0,25490.0,25639.72,25460.0,201.0,21710.0,19530.0,19825.68,21710.0,497.07,Oxygen Fuel Block,4312,C-J6MT,2025-11-02 12:32:04,3750.0,17.273146015660988,-0.039261876717711086,3.779644730092043
